index,grade,capture_type,source_path,output_path,segmented,width,height,area_px
1,3A,phone,C:\Users\MithunvelKL\PycharmProjects\Tile_Sorting\data\9x9 - 3A\20250912_083021.jpg,C:\Users\MithunvelKL\PycharmProjects\Tile_Sorting\data\roboflow_dataset\3A\phone__20250912_083021.jpg,True,443,443,190114.5
2,3A,phone,C:\Users\MithunvelKL\PycharmProjects\Tile_Sorting\data\9x9 - 3A\20250912_083243.jpg,C:\Users\MithunvelKL\PycharmProjects\Tile_Sorting\data\roboflow_dataset\3A\phone__20250912_083243.jpg,True,446,445,189141.5
3,3A,phone,C:\Users\MithunvelKL\PycharmProjects\Tile_Sorting\data\9x9 - 3A\20250912_083337.jpg,C:\Users\MithunvelKL\PycharmProjects\Tile_Sorting\data\roboflow_dataset\3A\phone__20250912_083337.jpg,True,450,444,190201.0
4,3A,phone,C:\Users\MithunvelKL\PycharmProjects\Tile_Sorting\data\9x9 - 3A\20250912_083422.jpg,C:\Users\MithunvelKL\PycharmProjects\Tile_Sorting\data\roboflow_dataset\3A\phone__20250912_083422.jpg,True,448,448,191121.0
5,3A,phone,C:\Users\MithunvelKL\PycharmProjects\Tile_Sorting\data\9x9 - 3A\20250912_083500.jpg,C:\Users\MithunvelKL\PycharmProjects\Tile_Sorting\data\roboflow_dataset\3A\phone__20250912_083500.jpg,True,450,443,188114.0
6,3A,phone,C:\Users\MithunvelKL\PycharmProjects\Tile_Sorting\data\9x9 - 3A\20250912_083539.jpg,C:\Users\MithunvelKL\PycharmProjects\Tile_Sorting\data\roboflow_dataset\3A\phone__20250912_083539.jpg,True,450,443,189090.5
7,3A,phone,C:\Users\MithunvelKL\PycharmProjects\Tile_Sorting\data\9x9 - 3A\20250912_083623.jpg,C:\Users\MithunvelKL\PycharmProjects\Tile_Sorting\data\roboflow_dataset\3A\phone__20250912_083623.jpg,True,449,444,193853.5
8,3A,phone,C:\Users\MithunvelKL\PycharmProjects\Tile_Sorting\data\9x9 - 3A\20250912_083658.jpg,C:\Users\MithunvelKL\PycharmProjects\Tile_Sorting\data\roboflow_dataset\3A\phone__20250912_083658.jpg,True,445,440,187262.0
9,3A,phone,C:\Users\MithunvelKL\PycharmProjects\Tile_Sorting\data\9x9 - 3A\20250912_083739.jpg,C:\Users\MithunvelKL\PycharmProjects\Tile_Sorting\data\roboflow_dataset\3A\phone__20250912_083739.jpg,True,440,437,185549.5
10,3A,phone,C:\Users\MithunvelKL\PycharmProjects\Tile_Sorting\data\9x9 - 3A\20250912_083752.jpg,C:\Users\MithunvelKL\PycharmProjects\Tile_Sorting\data\roboflow_dataset\3A\phone__20250912_083752.jpg,True,445,437,188804.0
11,3A,phone,C:\Users\MithunvelKL\PycharmProjects\Tile_Sorting\data\9x9 - 3A\20250912_083836.jpg,C:\Users\MithunvelKL\PycharmProjects\Tile_Sorting\data\roboflow_dataset\3A\phone__20250912_083836.jpg,True,467,467,203661.5
12,3A,phone,C:\Users\MithunvelKL\PycharmProjects\Tile_Sorting\data\9x9 - 3A\20250912_083846.jpg,C:\Users\MithunvelKL\PycharmProjects\Tile_Sorting\data\roboflow_dataset\3A\phone__20250912_083846.jpg,True,449,450,194459.5
13,3A,phone,C:\Users\MithunvelKL\PycharmProjects\Tile_Sorting\data\9x9 - 3A\20250912_083859.jpg,C:\Users\MithunvelKL\PycharmProjects\Tile_Sorting\data\roboflow_dataset\3A\phone__20250912_083859.jpg,True,443,441,186455.5
14,3A,phone,C:\Users\MithunvelKL\PycharmProjects\Tile_Sorting\data\9x9 - 3A\20250912_083930.jpg,C:\Users\MithunvelKL\PycharmProjects\Tile_Sorting\data\roboflow_dataset\3A\phone__20250912_083930.jpg,True,448,448,191577.5
15,3A,phone,C:\Users\MithunvelKL\PycharmProjects\Tile_Sorting\data\9x9 - 3A\20250912_083944.jpg,C:\Users\MithunvelKL\PycharmProjects\Tile_Sorting\data\roboflow_dataset\3A\phone__20250912_083944.jpg,True,441,439,184981.5
16,3A,phone,C:\Users\MithunvelKL\PycharmProjects\Tile_Sorting\data\9x9 - 3A\20250912_083957.jpg,C:\Users\MithunvelKL\PycharmProjects\Tile_Sorting\data\roboflow_dataset\3A\phone__20250912_083957.jpg,True,454,449,187415.5
17,3A,phone,C:\Users\MithunvelKL\PycharmProjects\Tile_Sorting\data\9x9 - 3A\20250912_084019.jpg,C:\Users\MithunvelKL\PycharmProjects\Tile_Sorting\data\roboflow_dataset\3A\phone__20250912_084019.jpg,True,445,445,189448.5
18,3A,phone,C:\Users\MithunvelKL\PycharmProjects\Tile_Sorting\data\9x9 - 3A\20250912_084045.jpg,C:\Users\MithunvelKL\PycharmProjects\Tile_Sorting\data\roboflow_dataset\3A\phone__20250912_084045.jpg,True,447,443,181966.0
19,3A,phone,C:\Users\MithunvelKL\PycharmProjects\Tile_Sorting\data\9x9 - 3A\20250912_084056.jpg,C:\Users\MithunvelKL\PycharmProjects\Tile_Sorting\data\roboflow_dataset\3A\phone__20250912_084056.jpg,True,438,438,183470.5
20,3A,phone,C:\Users\MithunvelKL\PycharmProjects\Tile_Sorting\data\9x9 - 3A\20250912_084107.jpg,C:\Users\MithunvelKL\PycharmProjects\Tile_Sorting\data\roboflow_dataset\3A\phone__20250912_084107.jpg,True,444,448,186118.0
21,3A,phone,C:\Users\MithunvelKL\PycharmProjects\Tile_Sorting\data\9x9 - 3A\20250913_120919.jpg,C:\Users\MithunvelKL\PycharmProjects\Tile_Sorting\data\roboflow_dataset\3A\phone__20250913_120919.jpg,True,304,320,88858.5
22,3A,phone,C:\Users\MithunvelKL\PycharmProjects\Tile_Sorting\data\9x9 - 3A\20250913_120929.jpg,C:\Users\MithunvelKL\PycharmProjects\Tile_Sorting\data\roboflow_dataset\3A\phone__20250913_120929.jpg,True,305,320,89132.0
23,3A,phone,C:\Users\MithunvelKL\PycharmProjects\Tile_Sorting\data\9x9 - 3A\20250913_120945.jpg,C:\Users\MithunvelKL\PycharmProjects\Tile_Sorting\data\roboflow_dataset\3A\phone__20250913_120945.jpg,True,298,315,88535.0
24,3A,phone,C:\Users\MithunvelKL\PycharmProjects\Tile_Sorting\data\9x9 - 3A\20250913_121005.jpg,C:\Users\MithunvelKL\PycharmProjects\Tile_Sorting\data\roboflow_dataset\3A\phone__20250913_121005.jpg,True,306,319,90045.0
25,3A,phone,C:\Users\MithunvelKL\PycharmProjects\Tile_Sorting\data\9x9 - 3A\20250913_121015.jpg,C:\Users\MithunvelKL\PycharmProjects\Tile_Sorting\data\roboflow_dataset\3A\phone__20250913_121015.jpg,True,303,314,89092.5
26,3A,phone,C:\Users\MithunvelKL\PycharmProjects\Tile_Sorting\data\9x9 - 3A\20250913_121038.jpg,C:\Users\MithunvelKL\PycharmProjects\Tile_Sorting\data\roboflow_dataset\3A\phone__20250913_121038.jpg,True,307,324,90270.5
27,3A,phone,C:\Users\MithunvelKL\PycharmProjects\Tile_Sorting\data\9x9 - 3A\20250913_121050.jpg,C:\Users\MithunvelKL\PycharmProjects\Tile_Sorting\data\roboflow_dataset\3A\phone__20250913_121050.jpg,True,305,318,90530.0
28,3A,phone,C:\Users\MithunvelKL\PycharmProjects\Tile_Sorting\data\9x9 - 3A\20250913_121059.jpg,C:\Users\MithunvelKL\PycharmProjects\Tile_Sorting\data\roboflow_dataset\3A\phone__20250913_121059.jpg,True,306,319,90848.0
29,3A,phone,C:\Users\MithunvelKL\PycharmProjects\Tile_Sorting\data\9x9 - 3A\20250913_121109.jpg,C:\Users\MithunvelKL\PycharmProjects\Tile_Sorting\data\roboflow_dataset\3A\phone__20250913_121109.jpg,True,304,321,90122.5
30,3A,phone,C:\Users\MithunvelKL\PycharmProjects\Tile_Sorting\data\9x9 - 3A\20250913_121130.jpg,C:\Users\MithunvelKL\PycharmProjects\Tile_Sorting\data\roboflow_dataset\3A\phone__20250913_121130.jpg,True,304,320,89388.5
31,3A,phone,C:\Users\MithunvelKL\PycharmProjects\Tile_Sorting\data\9x9 - 3A\20250913_121140.jpg,C:\Users\MithunvelKL\PycharmProjects\Tile_Sorting\data\roboflow_dataset\3A\phone__20250913_121140.jpg,True,306,323,89910.0
32,3A,phone,C:\Users\MithunvelKL\PycharmProjects\Tile_Sorting\data\9x9 - 3A\20250913_121151.jpg,C:\Users\MithunvelKL\PycharmProjects\Tile_Sorting\data\roboflow_dataset\3A\phone__20250913_121151.jpg,True,308,326,89841.0
33,3A,phone,C:\Users\MithunvelKL\PycharmProjects\Tile_Sorting\data\9x9 - 3A\20250913_121204.jpg,C:\Users\MithunvelKL\PycharmProjects\Tile_Sorting\data\roboflow_dataset\3A\phone__20250913_121204.jpg,True,304,324,90203.0
34,3A,phone,C:\Users\MithunvelKL\PycharmProjects\Tile_Sorting\data\9x9 - 3A\20250913_121214.jpg,C:\Users\MithunvelKL\PycharmProjects\Tile_Sorting\data\roboflow_dataset\3A\phone__20250913_121214.jpg,True,303,322,89886.0
35,3A,phone,C:\Users\MithunvelKL\PycharmProjects\Tile_Sorting\data\9x9 - 3A\20250913_121236.jpg,C:\Users\MithunvelKL\PycharmProjects\Tile_Sorting\data\roboflow_dataset\3A\phone__20250913_121236.jpg,True,303,319,89833.5
36,3A,phone,C:\Users\MithunvelKL\PycharmProjects\Tile_Sorting\data\9x9 - 3A\20250913_121321.jpg,C:\Users\MithunvelKL\PycharmProjects\Tile_Sorting\data\roboflow_dataset\3A\phone__20250913_121321.jpg,True,307,323,91779.5
37,3A,phone,C:\Users\MithunvelKL\PycharmProjects\Tile_Sorting\data\9x9 - 3A\20250913_121334.jpg,C:\Users\MithunvelKL\PycharmProjects\Tile_Sorting\data\roboflow_dataset\3A\phone__20250913_121334.jpg,True,307,321,89647.5
38,3A,phone,C:\Users\MithunvelKL\PycharmProjects\Tile_Sorting\data\9x9 - 3A\20250913_121344.jpg,C:\Users\MithunvelKL\PycharmProjects\Tile_Sorting\data\roboflow_dataset\3A\phone__20250913_121344.jpg,True,307,322,90056.0
39,3A,phone,C:\Users\MithunvelKL\PycharmProjects\Tile_Sorting\data\9x9 - 3A\20250913_121400.jpg,C:\Users\MithunvelKL\PycharmProjects\Tile_Sorting\data\roboflow_dataset\3A\phone__20250913_121400.jpg,True,299,314,89341.0
40,3A,phone,C:\Users\MithunvelKL\PycharmProjects\Tile_Sorting\data\9x9 - 3A\20250913_121511.jpg,C:\Users\MithunvelKL\PycharmProjects\Tile_Sorting\data\roboflow_dataset\3A\phone__20250913_121511.jpg,True,310,327,92150.0
41,3B,phone,C:\Users\MithunvelKL\PycharmProjects\Tile_Sorting\data\9x9 - 3B\20250912_084818.jpg,C:\Users\MithunvelKL\PycharmProjects\Tile_Sorting\data\roboflow_dataset\3B\phone__20250912_084818.jpg,True,288,282,78582.0
42,3B,phone,C:\Users\MithunvelKL\PycharmProjects\Tile_Sorting\data\9x9 - 3B\20250912_084827.jpg,C:\Users\MithunvelKL\PycharmProjects\Tile_Sorting\data\roboflow_dataset\3B\phone__20250912_084827.jpg,True,286,281,76807.5
43,3B,phone,C:\Users\MithunvelKL\PycharmProjects\Tile_Sorting\data\9x9 - 3B\20250912_084843.jpg,C:\Users\MithunvelKL\PycharmProjects\Tile_Sorting\data\roboflow_dataset\3B\phone__20250912_084843.jpg,True,289,282,78458.5
44,3B,phone,C:\Users\MithunvelKL\PycharmProjects\Tile_Sorting\data\9x9 - 3B\20250912_084929.jpg,C:\Users\MithunvelKL\PycharmProjects\Tile_Sorting\data\roboflow_dataset\3B\phone__20250912_084929.jpg,True,294,290,78912.0
45,3B,phone,C:\Users\MithunvelKL\PycharmProjects\Tile_Sorting\data\9x9 - 3B\20250912_084947.jpg,C:\Users\MithunvelKL\PycharmProjects\Tile_Sorting\data\roboflow_dataset\3B\phone__20250912_084947.jpg,True,289,284,78140.5
46,3B,phone,C:\Users\MithunvelKL\PycharmProjects\Tile_Sorting\data\9x9 - 3B\20250912_085034.jpg,C:\Users\MithunvelKL\PycharmProjects\Tile_Sorting\data\roboflow_dataset\3B\phone__20250912_085034.jpg,True,287,285,77200.0
47,3B,phone,C:\Users\MithunvelKL\PycharmProjects\Tile_Sorting\data\9x9 - 3B\20250912_085055.jpg,C:\Users\MithunvelKL\PycharmProjects\Tile_Sorting\data\roboflow_dataset\3B\phone__20250912_085055.jpg,True,288,283,77152.5
48,3B,phone,C:\Users\MithunvelKL\PycharmProjects\Tile_Sorting\data\9x9 - 3B\20250912_085131.jpg,C:\Users\MithunvelKL\PycharmProjects\Tile_Sorting\data\roboflow_dataset\3B\phone__20250912_085131.jpg,True,290,285,78485.0
49,3B,phone,C:\Users\MithunvelKL\PycharmProjects\Tile_Sorting\data\9x9 - 3B\20250912_085148.jpg,C:\Users\MithunvelKL\PycharmProjects\Tile_Sorting\data\roboflow_dataset\3B\phone__20250912_085148.jpg,True,286,285,77882.0
50,3B,phone,C:\Users\MithunvelKL\PycharmProjects\Tile_Sorting\data\9x9 - 3B\20250912_085201.jpg,C:\Users\MithunvelKL\PycharmProjects\Tile_Sorting\data\roboflow_dataset\3B\phone__20250912_085201.jpg,True,287,282,76483.0
51,3B,phone,C:\Users\MithunvelKL\PycharmProjects\Tile_Sorting\data\9x9 - 3B\20250912_085230.jpg,C:\Users\MithunvelKL\PycharmProjects\Tile_Sorting\data\roboflow_dataset\3B\phone__20250912_085230.jpg,True,288,282,76698.0
52,3B,phone,C:\Users\MithunvelKL\PycharmProjects\Tile_Sorting\data\9x9 - 3B\20250912_085254.jpg,C:\Users\MithunvelKL\PycharmProjects\Tile_Sorting\data\roboflow_dataset\3B\phone__20250912_085254.jpg,True,292,286,78141.0
53,3B,phone,C:\Users\MithunvelKL\PycharmProjects\Tile_Sorting\data\9x9 - 3B\20250912_085306.jpg,C:\Users\MithunvelKL\PycharmProjects\Tile_Sorting\data\roboflow_dataset\3B\phone__20250912_085306.jpg,True,291,286,78198.5
54,3B,phone,C:\Users\MithunvelKL\PycharmProjects\Tile_Sorting\data\9x9 - 3B\20250912_085315.jpg,C:\Users\MithunvelKL\PycharmProjects\Tile_Sorting\data\roboflow_dataset\3B\phone__20250912_085315.jpg,True,284,282,77508.5
55,3B,phone,C:\Users\MithunvelKL\PycharmProjects\Tile_Sorting\data\9x9 - 3B\20250912_085326.jpg,C:\Users\MithunvelKL\PycharmProjects\Tile_Sorting\data\roboflow_dataset\3B\phone__20250912_085326.jpg,True,285,283,76941.5
56,3B,phone,C:\Users\MithunvelKL\PycharmProjects\Tile_Sorting\data\9x9 - 3B\20250912_085400.jpg,C:\Users\MithunvelKL\PycharmProjects\Tile_Sorting\data\roboflow_dataset\3B\phone__20250912_085400.jpg,True,293,288,77916.0
57,3B,phone,C:\Users\MithunvelKL\PycharmProjects\Tile_Sorting\data\9x9 - 3B\20250912_085420.jpg,C:\Users\MithunvelKL\PycharmProjects\Tile_Sorting\data\roboflow_dataset\3B\phone__20250912_085420.jpg,True,291,285,77533.5
58,3B,phone,C:\Users\MithunvelKL\PycharmProjects\Tile_Sorting\data\9x9 - 3B\20250912_085432.jpg,C:\Users\MithunvelKL\PycharmProjects\Tile_Sorting\data\roboflow_dataset\3B\phone__20250912_085432.jpg,True,287,282,77072.5
59,3B,phone,C:\Users\MithunvelKL\PycharmProjects\Tile_Sorting\data\9x9 - 3B\20250912_085537.jpg,C:\Users\MithunvelKL\PycharmProjects\Tile_Sorting\data\roboflow_dataset\3B\phone__20250912_085537.jpg,True,287,281,77205.0
60,3B,phone,C:\Users\MithunvelKL\PycharmProjects\Tile_Sorting\data\9x9 - 3B\20250912_085636.jpg,C:\Users\MithunvelKL\PycharmProjects\Tile_Sorting\data\roboflow_dataset\3B\phone__20250912_085636.jpg,True,288,286,77635.0
61,4,phone,C:\Users\MithunvelKL\PycharmProjects\Tile_Sorting\data\9x9 - 4\20250912_103905.jpg,C:\Users\MithunvelKL\PycharmProjects\Tile_Sorting\data\roboflow_dataset\4\phone__20250912_103905.jpg,True,448,454,196367.5
62,4,phone,C:\Users\MithunvelKL\PycharmProjects\Tile_Sorting\data\9x9 - 4\20250912_104114.jpg,C:\Users\MithunvelKL\PycharmProjects\Tile_Sorting\data\roboflow_dataset\4\phone__20250912_104114.jpg,True,449,460,200214.0
63,4,phone,C:\Users\MithunvelKL\PycharmProjects\Tile_Sorting\data\9x9 - 4\20250912_104213.jpg,C:\Users\MithunvelKL\PycharmProjects\Tile_Sorting\data\roboflow_dataset\4\phone__20250912_104213.jpg,True,447,450,191509.0
64,4,phone,C:\Users\MithunvelKL\PycharmProjects\Tile_Sorting\data\9x9 - 4\20250912_104325.jpg,C:\Users\MithunvelKL\PycharmProjects\Tile_Sorting\data\roboflow_dataset\4\phone__20250912_104325.jpg,True,446,451,192426.0
65,4,phone,C:\Users\MithunvelKL\PycharmProjects\Tile_Sorting\data\9x9 - 4\20250912_104416.jpg,C:\Users\MithunvelKL\PycharmProjects\Tile_Sorting\data\roboflow_dataset\4\phone__20250912_104416.jpg,True,446,449,194334.5
66,4,phone,C:\Users\MithunvelKL\PycharmProjects\Tile_Sorting\data\9x9 - 4\20250912_104640.jpg,C:\Users\MithunvelKL\PycharmProjects\Tile_Sorting\data\roboflow_dataset\4\phone__20250912_104640.jpg,True,454,469,200845.5
67,4,phone,C:\Users\MithunvelKL\PycharmProjects\Tile_Sorting\data\9x9 - 4\20250912_104740.jpg,C:\Users\MithunvelKL\PycharmProjects\Tile_Sorting\data\roboflow_dataset\4\phone__20250912_104740.jpg,True,478,490,210819.0
68,4,phone,C:\Users\MithunvelKL\PycharmProjects\Tile_Sorting\data\9x9 - 4\20250912_104804.jpg,C:\Users\MithunvelKL\PycharmProjects\Tile_Sorting\data\roboflow_dataset\4\phone__20250912_104804.jpg,True,472,488,209293.5
69,4,phone,C:\Users\MithunvelKL\PycharmProjects\Tile_Sorting\data\9x9 - 4\20250912_104826.jpg,C:\Users\MithunvelKL\PycharmProjects\Tile_Sorting\data\roboflow_dataset\4\phone__20250912_104826.jpg,True,471,487,212069.5
70,4,phone,C:\Users\MithunvelKL\PycharmProjects\Tile_Sorting\data\9x9 - 4\20250912_104848.jpg,C:\Users\MithunvelKL\PycharmProjects\Tile_Sorting\data\roboflow_dataset\4\phone__20250912_104848.jpg,True,462,486,210197.5
71,4,phone,C:\Users\MithunvelKL\PycharmProjects\Tile_Sorting\data\9x9 - 4\20250912_104939.jpg,C:\Users\MithunvelKL\PycharmProjects\Tile_Sorting\data\roboflow_dataset\4\phone__20250912_104939.jpg,True,467,488,211257.0
72,4,phone,C:\Users\MithunvelKL\PycharmProjects\Tile_Sorting\data\9x9 - 4\20250912_105000.jpg,C:\Users\MithunvelKL\PycharmProjects\Tile_Sorting\data\roboflow_dataset\4\phone__20250912_105000.jpg,True,474,491,212984.0
73,4,phone,C:\Users\MithunvelKL\PycharmProjects\Tile_Sorting\data\9x9 - 4\20250912_105103.jpg,C:\Users\MithunvelKL\PycharmProjects\Tile_Sorting\data\roboflow_dataset\4\phone__20250912_105103.jpg,True,481,497,214698.0
74,4,phone,C:\Users\MithunvelKL\PycharmProjects\Tile_Sorting\data\9x9 - 4\20250912_105116.jpg,C:\Users\MithunvelKL\PycharmProjects\Tile_Sorting\data\roboflow_dataset\4\phone__20250912_105116.jpg,True,479,496,215652.0
75,4,phone,C:\Users\MithunvelKL\PycharmProjects\Tile_Sorting\data\9x9 - 4\20250912_105141.jpg,C:\Users\MithunvelKL\PycharmProjects\Tile_Sorting\data\roboflow_dataset\4\phone__20250912_105141.jpg,True,475,496,211623.5
76,4,phone,C:\Users\MithunvelKL\PycharmProjects\Tile_Sorting\data\9x9 - 4\20250912_105231.jpg,C:\Users\MithunvelKL\PycharmProjects\Tile_Sorting\data\roboflow_dataset\4\phone__20250912_105231.jpg,True,475,489,211024.0
77,4,phone,C:\Users\MithunvelKL\PycharmProjects\Tile_Sorting\data\9x9 - 4\20250912_105255.jpg,C:\Users\MithunvelKL\PycharmProjects\Tile_Sorting\data\roboflow_dataset\4\phone__20250912_105255.jpg,True,477,492,210465.5
78,4,phone,C:\Users\MithunvelKL\PycharmProjects\Tile_Sorting\data\9x9 - 4\20250912_105309.jpg,C:\Users\MithunvelKL\PycharmProjects\Tile_Sorting\data\roboflow_dataset\4\phone__20250912_105309.jpg,True,471,493,212091.5
79,4,phone,C:\Users\MithunvelKL\PycharmProjects\Tile_Sorting\data\9x9 - 4\20250912_105335.jpg,C:\Users\MithunvelKL\PycharmProjects\Tile_Sorting\data\roboflow_dataset\4\phone__20250912_105335.jpg,True,476,498,216726.0
80,4,phone,C:\Users\MithunvelKL\PycharmProjects\Tile_Sorting\data\9x9 - 4\20250912_105352.jpg,C:\Users\MithunvelKL\PycharmProjects\Tile_Sorting\data\roboflow_dataset\4\phone__20250912_105352.jpg,True,478,495,208597.5
81,4,phone,C:\Users\MithunvelKL\PycharmProjects\Tile_Sorting\data\9x9 - 4\20250912_105408.jpg,C:\Users\MithunvelKL\PycharmProjects\Tile_Sorting\data\roboflow_dataset\4\phone__20250912_105408.jpg,True,472,492,211747.0
82,4,phone,C:\Users\MithunvelKL\PycharmProjects\Tile_Sorting\data\9x9 - 4\20250913_152103.jpg,C:\Users\MithunvelKL\PycharmProjects\Tile_Sorting\data\roboflow_dataset\4\phone__20250913_152103.jpg,True,293,301,83756.0
83,4,phone,C:\Users\MithunvelKL\PycharmProjects\Tile_Sorting\data\9x9 - 4\20250913_152205.jpg,C:\Users\MithunvelKL\PycharmProjects\Tile_Sorting\data\roboflow_dataset\4\phone__20250913_152205.jpg,True,291,306,83888.5
84,4,phone,C:\Users\MithunvelKL\PycharmProjects\Tile_Sorting\data\9x9 - 4\20250913_152230.jpg,C:\Users\MithunvelKL\PycharmProjects\Tile_Sorting\data\roboflow_dataset\4\phone__20250913_152230.jpg,True,290,303,83711.0
85,4,phone,C:\Users\MithunvelKL\PycharmProjects\Tile_Sorting\data\9x9 - 4\20250913_152413.jpg,C:\Users\MithunvelKL\PycharmProjects\Tile_Sorting\data\roboflow_dataset\4\phone__20250913_152413.jpg,True,291,304,84300.5
86,4,phone,C:\Users\MithunvelKL\PycharmProjects\Tile_Sorting\data\9x9 - 4\20250913_152428.jpg,C:\Users\MithunvelKL\PycharmProjects\Tile_Sorting\data\roboflow_dataset\4\phone__20250913_152428.jpg,True,291,306,84406.5
87,4,phone,C:\Users\MithunvelKL\PycharmProjects\Tile_Sorting\data\9x9 - 4\20250913_152440.jpg,C:\Users\MithunvelKL\PycharmProjects\Tile_Sorting\data\roboflow_dataset\4\phone__20250913_152440.jpg,True,293,306,84287.0
88,4,phone,C:\Users\MithunvelKL\PycharmProjects\Tile_Sorting\data\9x9 - 4\20250913_152450.jpg,C:\Users\MithunvelKL\PycharmProjects\Tile_Sorting\data\roboflow_dataset\4\phone__20250913_152450.jpg,True,292,306,83999.5
89,4,phone,C:\Users\MithunvelKL\PycharmProjects\Tile_Sorting\data\9x9 - 4\20250913_152521.jpg,C:\Users\MithunvelKL\PycharmProjects\Tile_Sorting\data\roboflow_dataset\4\phone__20250913_152521.jpg,True,295,308,84761.0
90,4,phone,C:\Users\MithunvelKL\PycharmProjects\Tile_Sorting\data\9x9 - 4\20250913_152535.jpg,C:\Users\MithunvelKL\PycharmProjects\Tile_Sorting\data\roboflow_dataset\4\phone__20250913_152535.jpg,True,295,308,85504.5
91,4,phone,C:\Users\MithunvelKL\PycharmProjects\Tile_Sorting\data\9x9 - 4\20250913_152553.jpg,C:\Users\MithunvelKL\PycharmProjects\Tile_Sorting\data\roboflow_dataset\4\phone__20250913_152553.jpg,True,295,306,83926.5
92,4,phone,C:\Users\MithunvelKL\PycharmProjects\Tile_Sorting\data\9x9 - 4\20250913_152610.jpg,C:\Users\MithunvelKL\PycharmProjects\Tile_Sorting\data\roboflow_dataset\4\phone__20250913_152610.jpg,True,291,308,83108.0
93,4,phone,C:\Users\MithunvelKL\PycharmProjects\Tile_Sorting\data\9x9 - 4\20250913_152651.jpg,C:\Users\MithunvelKL\PycharmProjects\Tile_Sorting\data\roboflow_dataset\4\phone__20250913_152651.jpg,True,291,309,83158.0
94,4,phone,C:\Users\MithunvelKL\PycharmProjects\Tile_Sorting\data\9x9 - 4\20250913_152724.jpg,C:\Users\MithunvelKL\PycharmProjects\Tile_Sorting\data\roboflow_dataset\4\phone__20250913_152724.jpg,True,289,308,83369.0
95,4,phone,C:\Users\MithunvelKL\PycharmProjects\Tile_Sorting\data\9x9 - 4\20250913_152735.jpg,C:\Users\MithunvelKL\PycharmProjects\Tile_Sorting\data\roboflow_dataset\4\phone__20250913_152735.jpg,True,291,307,83976.0
96,4,phone,C:\Users\MithunvelKL\PycharmProjects\Tile_Sorting\data\9x9 - 4\20250913_152800.jpg,C:\Users\MithunvelKL\PycharmProjects\Tile_Sorting\data\roboflow_dataset\4\phone__20250913_152800.jpg,True,290,308,84416.5
97,4,phone,C:\Users\MithunvelKL\PycharmProjects\Tile_Sorting\data\9x9 - 4\20250913_152845.jpg,C:\Users\MithunvelKL\PycharmProjects\Tile_Sorting\data\roboflow_dataset\4\phone__20250913_152845.jpg,True,289,305,83694.5
98,4,phone,C:\Users\MithunvelKL\PycharmProjects\Tile_Sorting\data\9x9 - 4\20250913_152859.jpg,C:\Users\MithunvelKL\PycharmProjects\Tile_Sorting\data\roboflow_dataset\4\phone__20250913_152859.jpg,True,289,304,83114.0
99,4,phone,C:\Users\MithunvelKL\PycharmProjects\Tile_Sorting\data\9x9 - 4\20250913_152912.jpg,C:\Users\MithunvelKL\PycharmProjects\Tile_Sorting\data\roboflow_dataset\4\phone__20250913_152912.jpg,True,291,305,83527.5
100,4,phone,C:\Users\MithunvelKL\PycharmProjects\Tile_Sorting\data\9x9 - 4\20250913_152926.jpg,C:\Users\MithunvelKL\PycharmProjects\Tile_Sorting\data\roboflow_dataset\4\phone__20250913_152926.jpg,True,289,305,83744.5
101,5,phone,C:\Users\MithunvelKL\PycharmProjects\Tile_Sorting\data\9x9 - 5\20250912_105454.jpg,C:\Users\MithunvelKL\PycharmProjects\Tile_Sorting\data\roboflow_dataset\5\phone__20250912_105454.jpg,True,470,486,210018.5
102,5,phone,C:\Users\MithunvelKL\PycharmProjects\Tile_Sorting\data\9x9 - 5\20250912_105506.jpg,C:\Users\MithunvelKL\PycharmProjects\Tile_Sorting\data\roboflow_dataset\5\phone__20250912_105506.jpg,True,476,497,215991.0
103,5,phone,C:\Users\MithunvelKL\PycharmProjects\Tile_Sorting\data\9x9 - 5\20250912_105521.jpg,C:\Users\MithunvelKL\PycharmProjects\Tile_Sorting\data\roboflow_dataset\5\phone__20250912_105521.jpg,True,472,495,213733.5
104,5,phone,C:\Users\MithunvelKL\PycharmProjects\Tile_Sorting\data\9x9 - 5\20250912_105538.jpg,C:\Users\MithunvelKL\PycharmProjects\Tile_Sorting\data\roboflow_dataset\5\phone__20250912_105538.jpg,True,477,499,217840.0
105,5,phone,C:\Users\MithunvelKL\PycharmProjects\Tile_Sorting\data\9x9 - 5\20250912_105551.jpg,C:\Users\MithunvelKL\PycharmProjects\Tile_Sorting\data\roboflow_dataset\5\phone__20250912_105551.jpg,True,477,498,216118.0
106,5,phone,C:\Users\MithunvelKL\PycharmProjects\Tile_Sorting\data\9x9 - 5\20250912_105638.jpg,C:\Users\MithunvelKL\PycharmProjects\Tile_Sorting\data\roboflow_dataset\5\phone__20250912_105638.jpg,True,474,493,213602.5
107,5,phone,C:\Users\MithunvelKL\PycharmProjects\Tile_Sorting\data\9x9 - 5\20250912_105705.jpg,C:\Users\MithunvelKL\PycharmProjects\Tile_Sorting\data\roboflow_dataset\5\phone__20250912_105705.jpg,True,467,483,206783.0
108,5,phone,C:\Users\MithunvelKL\PycharmProjects\Tile_Sorting\data\9x9 - 5\20250912_105720.jpg,C:\Users\MithunvelKL\PycharmProjects\Tile_Sorting\data\roboflow_dataset\5\phone__20250912_105720.jpg,True,467,483,210831.0
109,5,phone,C:\Users\MithunvelKL\PycharmProjects\Tile_Sorting\data\9x9 - 5\20250912_105733.jpg,C:\Users\MithunvelKL\PycharmProjects\Tile_Sorting\data\roboflow_dataset\5\phone__20250912_105733.jpg,True,480,501,218532.0
110,5,phone,C:\Users\MithunvelKL\PycharmProjects\Tile_Sorting\data\9x9 - 5\20250912_105747.jpg,C:\Users\MithunvelKL\PycharmProjects\Tile_Sorting\data\roboflow_dataset\5\phone__20250912_105747.jpg,True,480,503,212916.0
111,5,phone,C:\Users\MithunvelKL\PycharmProjects\Tile_Sorting\data\9x9 - 5\20250912_105836.jpg,C:\Users\MithunvelKL\PycharmProjects\Tile_Sorting\data\roboflow_dataset\5\phone__20250912_105836.jpg,True,473,493,212941.5
112,5,phone,C:\Users\MithunvelKL\PycharmProjects\Tile_Sorting\data\9x9 - 5\20250912_105927.jpg,C:\Users\MithunvelKL\PycharmProjects\Tile_Sorting\data\roboflow_dataset\5\phone__20250912_105927.jpg,True,476,495,212797.5
113,5,phone,C:\Users\MithunvelKL\PycharmProjects\Tile_Sorting\data\9x9 - 5\20250912_105946.jpg,C:\Users\MithunvelKL\PycharmProjects\Tile_Sorting\data\roboflow_dataset\5\phone__20250912_105946.jpg,True,463,483,204018.0
114,5,phone,C:\Users\MithunvelKL\PycharmProjects\Tile_Sorting\data\9x9 - 5\20250912_110001.jpg,C:\Users\MithunvelKL\PycharmProjects\Tile_Sorting\data\roboflow_dataset\5\phone__20250912_110001.jpg,True,466,486,205718.5
115,5,phone,C:\Users\MithunvelKL\PycharmProjects\Tile_Sorting\data\9x9 - 5\20250912_110017.jpg,C:\Users\MithunvelKL\PycharmProjects\Tile_Sorting\data\roboflow_dataset\5\phone__20250912_110017.jpg,True,465,493,204160.5
116,5,phone,C:\Users\MithunvelKL\PycharmProjects\Tile_Sorting\data\9x9 - 5\20250912_110109.jpg,C:\Users\MithunvelKL\PycharmProjects\Tile_Sorting\data\roboflow_dataset\5\phone__20250912_110109.jpg,True,471,486,203767.5
117,5,phone,C:\Users\MithunvelKL\PycharmProjects\Tile_Sorting\data\9x9 - 5\20250912_110122.jpg,C:\Users\MithunvelKL\PycharmProjects\Tile_Sorting\data\roboflow_dataset\5\phone__20250912_110122.jpg,True,463,489,199650.5
118,5,phone,C:\Users\MithunvelKL\PycharmProjects\Tile_Sorting\data\9x9 - 5\20250912_110150.jpg,C:\Users\MithunvelKL\PycharmProjects\Tile_Sorting\data\roboflow_dataset\5\phone__20250912_110150.jpg,True,453,482,198493.0
119,5,phone,C:\Users\MithunvelKL\PycharmProjects\Tile_Sorting\data\9x9 - 5\20250912_110224.jpg,C:\Users\MithunvelKL\PycharmProjects\Tile_Sorting\data\roboflow_dataset\5\phone__20250912_110224.jpg,True,462,480,207952.0
120,5,phone,C:\Users\MithunvelKL\PycharmProjects\Tile_Sorting\data\9x9 - 5\20250912_110239.jpg,C:\Users\MithunvelKL\PycharmProjects\Tile_Sorting\data\roboflow_dataset\5\phone__20250912_110239.jpg,True,466,490,207418.5
121,5,phone,C:\Users\MithunvelKL\PycharmProjects\Tile_Sorting\data\9x9 - 5\20250912_110251.jpg,C:\Users\MithunvelKL\PycharmProjects\Tile_Sorting\data\roboflow_dataset\5\phone__20250912_110251.jpg,True,464,493,204743.0
122,3A,dslr,C:\Users\MithunvelKL\PycharmProjects\Tile_Sorting\data\9x9-3a(Cam)\DSC_0022.JPG,C:\Users\MithunvelKL\PycharmProjects\Tile_Sorting\data\roboflow_dataset\3A\dslr__DSC_0022.jpg,True,340,327,103569.0
123,3A,dslr,C:\Users\MithunvelKL\PycharmProjects\Tile_Sorting\data\9x9-3a(Cam)\DSC_0023.JPG,C:\Users\MithunvelKL\PycharmProjects\Tile_Sorting\data\roboflow_dataset\3A\dslr__DSC_0023.jpg,True,376,381,138974.0
124,3A,dslr,C:\Users\MithunvelKL\PycharmProjects\Tile_Sorting\data\9x9-3a(Cam)\DSC_0024-1.JPG,C:\Users\MithunvelKL\PycharmProjects\Tile_Sorting\data\roboflow_dataset\3A\dslr__DSC_0024-1.jpg,True,489,489,230066.0
125,3A,dslr,C:\Users\MithunvelKL\PycharmProjects\Tile_Sorting\data\9x9-3a(Cam)\DSC_0024.JPG,C:\Users\MithunvelKL\PycharmProjects\Tile_Sorting\data\roboflow_dataset\3A\dslr__DSC_0024.jpg,True,272,272,70888.5
126,3A,dslr,C:\Users\MithunvelKL\PycharmProjects\Tile_Sorting\data\9x9-3a(Cam)\DSC_0026.JPG,C:\Users\MithunvelKL\PycharmProjects\Tile_Sorting\data\roboflow_dataset\3A\dslr__DSC_0026.jpg,True,228,232,47508.5
127,3A,dslr,C:\Users\MithunvelKL\PycharmProjects\Tile_Sorting\data\9x9-3a(Cam)\DSC_0027.JPG,C:\Users\MithunvelKL\PycharmProjects\Tile_Sorting\data\roboflow_dataset\3A\dslr__DSC_0027.jpg,True,221,213,44270.0
128,3A,dslr,C:\Users\MithunvelKL\PycharmProjects\Tile_Sorting\data\9x9-3a(Cam)\DSC_0028.JPG,C:\Users\MithunvelKL\PycharmProjects\Tile_Sorting\data\roboflow_dataset\3A\dslr__DSC_0028.jpg,True,272,268,69660.5
129,3A,dslr,C:\Users\MithunvelKL\PycharmProjects\Tile_Sorting\data\9x9-3a(Cam)\DSC_0029.JPG,C:\Users\MithunvelKL\PycharmProjects\Tile_Sorting\data\roboflow_dataset\3A\dslr__DSC_0029.jpg,True,219,211,42864.5
130,3A,dslr,C:\Users\MithunvelKL\PycharmProjects\Tile_Sorting\data\9x9-3a(Cam)\DSC_0030.JPG,C:\Users\MithunvelKL\PycharmProjects\Tile_Sorting\data\roboflow_dataset\3A\dslr__DSC_0030.jpg,True,219,214,44409.0
131,3A,dslr,C:\Users\MithunvelKL\PycharmProjects\Tile_Sorting\data\9x9-3a(Cam)\DSC_0031.JPG,C:\Users\MithunvelKL\PycharmProjects\Tile_Sorting\data\roboflow_dataset\3A\dslr__DSC_0031.jpg,True,232,232,50049.5
132,3A,dslr,C:\Users\MithunvelKL\PycharmProjects\Tile_Sorting\data\9x9-3a(Cam)\DSC_0032.JPG,C:\Users\MithunvelKL\PycharmProjects\Tile_Sorting\data\roboflow_dataset\3A\dslr__DSC_0032.jpg,True,258,258,62509.5
133,3A,dslr,C:\Users\MithunvelKL\PycharmProjects\Tile_Sorting\data\9x9-3a(Cam)\DSC_0033.JPG,C:\Users\MithunvelKL\PycharmProjects\Tile_Sorting\data\roboflow_dataset\3A\dslr__DSC_0033.jpg,True,244,240,56337.5
134,3A,dslr,C:\Users\MithunvelKL\PycharmProjects\Tile_Sorting\data\9x9-3a(Cam)\DSC_0034.JPG,C:\Users\MithunvelKL\PycharmProjects\Tile_Sorting\data\roboflow_dataset\3A\dslr__DSC_0034.jpg,True,244,240,55658.5
135,3A,dslr,C:\Users\MithunvelKL\PycharmProjects\Tile_Sorting\data\9x9-3a(Cam)\DSC_0035.JPG,C:\Users\MithunvelKL\PycharmProjects\Tile_Sorting\data\roboflow_dataset\3A\dslr__DSC_0035.jpg,True,230,230,50076.0
136,3A,dslr,C:\Users\MithunvelKL\PycharmProjects\Tile_Sorting\data\9x9-3a(Cam)\DSC_0036.JPG,C:\Users\MithunvelKL\PycharmProjects\Tile_Sorting\data\roboflow_dataset\3A\dslr__DSC_0036.jpg,True,227,230,49155.5
137,3A,dslr,C:\Users\MithunvelKL\PycharmProjects\Tile_Sorting\data\9x9-3a(Cam)\DSC_0037.JPG,C:\Users\MithunvelKL\PycharmProjects\Tile_Sorting\data\roboflow_dataset\3A\dslr__DSC_0037.jpg,True,240,240,54635.0
138,3A,dslr,C:\Users\MithunvelKL\PycharmProjects\Tile_Sorting\data\9x9-3a(Cam)\DSC_0038.JPG,C:\Users\MithunvelKL\PycharmProjects\Tile_Sorting\data\roboflow_dataset\3A\dslr__DSC_0038.jpg,True,242,239,54170.0
139,3A,dslr,C:\Users\MithunvelKL\PycharmProjects\Tile_Sorting\data\9x9-3a(Cam)\DSC_0039.JPG,C:\Users\MithunvelKL\PycharmProjects\Tile_Sorting\data\roboflow_dataset\3A\dslr__DSC_0039.jpg,True,238,240,51936.5
140,3A,dslr,C:\Users\MithunvelKL\PycharmProjects\Tile_Sorting\data\9x9-3a(Cam)\DSC_0040.JPG,C:\Users\MithunvelKL\PycharmProjects\Tile_Sorting\data\roboflow_dataset\3A\dslr__DSC_0040.jpg,True,248,251,59129.0
141,3A,dslr,C:\Users\MithunvelKL\PycharmProjects\Tile_Sorting\data\9x9-3a(Cam)\DSC_0041.JPG,C:\Users\MithunvelKL\PycharmProjects\Tile_Sorting\data\roboflow_dataset\3A\dslr__DSC_0041.jpg,True,249,254,57877.5
142,3A,dslr,C:\Users\MithunvelKL\PycharmProjects\Tile_Sorting\data\9x9-3a(Cam)\DSC_0042.JPG,C:\Users\MithunvelKL\PycharmProjects\Tile_Sorting\data\roboflow_dataset\3A\dslr__DSC_0042.jpg,True,247,250,56496.5
143,3A,dslr,C:\Users\MithunvelKL\PycharmProjects\Tile_Sorting\data\9x9-3a(Cam)\DSC_0043-1.JPG,C:\Users\MithunvelKL\PycharmProjects\Tile_Sorting\data\roboflow_dataset\3A\dslr__DSC_0043-1.jpg,True,478,465,211111.0
144,3A,dslr,C:\Users\MithunvelKL\PycharmProjects\Tile_Sorting\data\9x9-3a(Cam)\DSC_0043.JPG,C:\Users\MithunvelKL\PycharmProjects\Tile_Sorting\data\roboflow_dataset\3A\dslr__DSC_0043.jpg,True,233,228,50300.0
145,3A,dslr,C:\Users\MithunvelKL\PycharmProjects\Tile_Sorting\data\9x9-3a(Cam)\DSC_0044.JPG,C:\Users\MithunvelKL\PycharmProjects\Tile_Sorting\data\roboflow_dataset\3A\dslr__DSC_0044.jpg,True,331,214,56246.5
146,3A,dslr,C:\Users\MithunvelKL\PycharmProjects\Tile_Sorting\data\9x9-3a(Cam)\DSC_0045.JPG,,False,,,
147,3A,dslr,C:\Users\MithunvelKL\PycharmProjects\Tile_Sorting\data\9x9-3a(Cam)\DSC_0046.JPG,C:\Users\MithunvelKL\PycharmProjects\Tile_Sorting\data\roboflow_dataset\3A\dslr__DSC_0046.jpg,True,517,431,136675.5
148,3A,dslr,C:\Users\MithunvelKL\PycharmProjects\Tile_Sorting\data\9x9-3a(Cam)\DSC_0047.JPG,C:\Users\MithunvelKL\PycharmProjects\Tile_Sorting\data\roboflow_dataset\3A\dslr__DSC_0047.jpg,True,328,288,83405.0
149,3A,dslr,C:\Users\MithunvelKL\PycharmProjects\Tile_Sorting\data\9x9-3a(Cam)\DSC_0048.JPG,C:\Users\MithunvelKL\PycharmProjects\Tile_Sorting\data\roboflow_dataset\3A\dslr__DSC_0048.jpg,True,379,350,119107.5
150,3A,dslr,C:\Users\MithunvelKL\PycharmProjects\Tile_Sorting\data\9x9-3a(Cam)\DSC_0049.JPG,C:\Users\MithunvelKL\PycharmProjects\Tile_Sorting\data\roboflow_dataset\3A\dslr__DSC_0049.jpg,True,394,365,124922.5
151,3A,dslr,C:\Users\MithunvelKL\PycharmProjects\Tile_Sorting\data\9x9-3a(Cam)\DSC_0050.JPG,C:\Users\MithunvelKL\PycharmProjects\Tile_Sorting\data\roboflow_dataset\3A\dslr__DSC_0050.jpg,True,287,268,68041.0
152,3A,dslr,C:\Users\MithunvelKL\PycharmProjects\Tile_Sorting\data\9x9-3a(Cam)\DSC_0051.JPG,C:\Users\MithunvelKL\PycharmProjects\Tile_Sorting\data\roboflow_dataset\3A\dslr__DSC_0051.jpg,True,275,296,74967.0
153,3A,dslr,C:\Users\MithunvelKL\PycharmProjects\Tile_Sorting\data\9x9-3a(Cam)\DSC_0052.JPG,C:\Users\MithunvelKL\PycharmProjects\Tile_Sorting\data\roboflow_dataset\3A\dslr__DSC_0052.jpg,True,345,316,100409.0
154,3A,dslr,C:\Users\MithunvelKL\PycharmProjects\Tile_Sorting\data\9x9-3a(Cam)\DSC_0053.JPG,C:\Users\MithunvelKL\PycharmProjects\Tile_Sorting\data\roboflow_dataset\3A\dslr__DSC_0053.jpg,True,354,322,101609.5
155,3A,dslr,C:\Users\MithunvelKL\PycharmProjects\Tile_Sorting\data\9x9-3a(Cam)\DSC_0054.JPG,C:\Users\MithunvelKL\PycharmProjects\Tile_Sorting\data\roboflow_dataset\3A\dslr__DSC_0054.jpg,True,374,355,122848.5
156,3A,dslr,C:\Users\MithunvelKL\PycharmProjects\Tile_Sorting\data\9x9-3a(Cam)\DSC_0055.JPG,C:\Users\MithunvelKL\PycharmProjects\Tile_Sorting\data\roboflow_dataset\3A\dslr__DSC_0055.jpg,True,328,314,76707.5
157,3A,dslr,C:\Users\MithunvelKL\PycharmProjects\Tile_Sorting\data\9x9-3a(Cam)\DSC_0056.JPG,C:\Users\MithunvelKL\PycharmProjects\Tile_Sorting\data\roboflow_dataset\3A\dslr__DSC_0056.jpg,True,329,304,64345.5
158,3A,dslr,C:\Users\MithunvelKL\PycharmProjects\Tile_Sorting\data\9x9-3a(Cam)\DSC_0057.JPG,C:\Users\MithunvelKL\PycharmProjects\Tile_Sorting\data\roboflow_dataset\3A\dslr__DSC_0057.jpg,True,369,350,116326.5
159,3A,dslr,C:\Users\MithunvelKL\PycharmProjects\Tile_Sorting\data\9x9-3a(Cam)\DSC_0058.JPG,C:\Users\MithunvelKL\PycharmProjects\Tile_Sorting\data\roboflow_dataset\3A\dslr__DSC_0058.jpg,True,386,357,116496.5
160,3A,dslr,C:\Users\MithunvelKL\PycharmProjects\Tile_Sorting\data\9x9-3a(Cam)\DSC_0059.JPG,C:\Users\MithunvelKL\PycharmProjects\Tile_Sorting\data\roboflow_dataset\3A\dslr__DSC_0059.jpg,True,369,336,97822.0
161,3A,dslr,C:\Users\MithunvelKL\PycharmProjects\Tile_Sorting\data\9x9-3a(Cam)\DSC_0060.JPG,C:\Users\MithunvelKL\PycharmProjects\Tile_Sorting\data\roboflow_dataset\3A\dslr__DSC_0060.jpg,True,367,325,94942.5
162,3A,dslr,C:\Users\MithunvelKL\PycharmProjects\Tile_Sorting\data\9x9-3a(Cam)\DSC_0061.JPG,C:\Users\MithunvelKL\PycharmProjects\Tile_Sorting\data\roboflow_dataset\3A\dslr__DSC_0061.jpg,True,354,326,97154.0
163,3A,dslr,C:\Users\MithunvelKL\PycharmProjects\Tile_Sorting\data\9x9-3a(Cam)\DSC_0062.JPG,C:\Users\MithunvelKL\PycharmProjects\Tile_Sorting\data\roboflow_dataset\3A\dslr__DSC_0062.jpg,True,383,358,122478.0
164,3A,dslr,C:\Users\MithunvelKL\PycharmProjects\Tile_Sorting\data\9x9-3a(Cam)\DSC_0063.JPG,C:\Users\MithunvelKL\PycharmProjects\Tile_Sorting\data\roboflow_dataset\3A\dslr__DSC_0063.jpg,True,413,377,136492.0
165,3A,dslr,C:\Users\MithunvelKL\PycharmProjects\Tile_Sorting\data\9x9-3a(Cam)\DSC_0222.JPG,C:\Users\MithunvelKL\PycharmProjects\Tile_Sorting\data\roboflow_dataset\3A\dslr__DSC_0222.jpg,True,326,324,100114.0
166,3A,dslr,C:\Users\MithunvelKL\PycharmProjects\Tile_Sorting\data\9x9-3a(Cam)\DSC_0223.JPG,C:\Users\MithunvelKL\PycharmProjects\Tile_Sorting\data\roboflow_dataset\3A\dslr__DSC_0223.jpg,True,288,285,78871.5
167,3A,dslr,C:\Users\MithunvelKL\PycharmProjects\Tile_Sorting\data\9x9-3a(Cam)\DSC_0224.JPG,C:\Users\MithunvelKL\PycharmProjects\Tile_Sorting\data\roboflow_dataset\3A\dslr__DSC_0224.jpg,True,298,296,86115.5
168,3A,dslr,C:\Users\MithunvelKL\PycharmProjects\Tile_Sorting\data\9x9-3a(Cam)\DSC_0225.JPG,C:\Users\MithunvelKL\PycharmProjects\Tile_Sorting\data\roboflow_dataset\3A\dslr__DSC_0225.jpg,True,313,312,92959.5
169,3A,dslr,C:\Users\MithunvelKL\PycharmProjects\Tile_Sorting\data\9x9-3a(Cam)\DSC_0226.JPG,C:\Users\MithunvelKL\PycharmProjects\Tile_Sorting\data\roboflow_dataset\3A\dslr__DSC_0226.jpg,True,302,310,85936.0
170,3A,dslr,C:\Users\MithunvelKL\PycharmProjects\Tile_Sorting\data\9x9-3a(Cam)\DSC_0227.JPG,C:\Users\MithunvelKL\PycharmProjects\Tile_Sorting\data\roboflow_dataset\3A\dslr__DSC_0227.jpg,True,288,290,80454.5
171,3A,dslr,C:\Users\MithunvelKL\PycharmProjects\Tile_Sorting\data\9x9-3a(Cam)\DSC_0228.JPG,C:\Users\MithunvelKL\PycharmProjects\Tile_Sorting\data\roboflow_dataset\3A\dslr__DSC_0228.jpg,True,331,331,105049.0
172,3A,dslr,C:\Users\MithunvelKL\PycharmProjects\Tile_Sorting\data\9x9-3a(Cam)\DSC_0229.JPG,C:\Users\MithunvelKL\PycharmProjects\Tile_Sorting\data\roboflow_dataset\3A\dslr__DSC_0229.jpg,True,321,326,96916.5
173,3A,dslr,C:\Users\MithunvelKL\PycharmProjects\Tile_Sorting\data\9x9-3a(Cam)\DSC_0230.JPG,C:\Users\MithunvelKL\PycharmProjects\Tile_Sorting\data\roboflow_dataset\3A\dslr__DSC_0230.jpg,True,355,350,111318.5
174,3A,dslr,C:\Users\MithunvelKL\PycharmProjects\Tile_Sorting\data\9x9-3a(Cam)\DSC_0231.JPG,C:\Users\MithunvelKL\PycharmProjects\Tile_Sorting\data\roboflow_dataset\3A\dslr__DSC_0231.jpg,True,324,322,98753.0
175,3A,dslr,C:\Users\MithunvelKL\PycharmProjects\Tile_Sorting\data\9x9-3a(Cam)\DSC_0232.JPG,C:\Users\MithunvelKL\PycharmProjects\Tile_Sorting\data\roboflow_dataset\3A\dslr__DSC_0232.jpg,True,309,313,86283.0
176,3A,dslr,C:\Users\MithunvelKL\PycharmProjects\Tile_Sorting\data\9x9-3a(Cam)\DSC_0233.JPG,C:\Users\MithunvelKL\PycharmProjects\Tile_Sorting\data\roboflow_dataset\3A\dslr__DSC_0233.jpg,True,328,324,100071.5
177,3A,dslr,C:\Users\MithunvelKL\PycharmProjects\Tile_Sorting\data\9x9-3a(Cam)\DSC_0234.JPG,C:\Users\MithunvelKL\PycharmProjects\Tile_Sorting\data\roboflow_dataset\3A\dslr__DSC_0234.jpg,True,360,356,116724.5
178,3A,dslr,C:\Users\MithunvelKL\PycharmProjects\Tile_Sorting\data\9x9-3a(Cam)\DSC_0235.JPG,C:\Users\MithunvelKL\PycharmProjects\Tile_Sorting\data\roboflow_dataset\3A\dslr__DSC_0235.jpg,True,313,312,86435.5
179,3A,dslr,C:\Users\MithunvelKL\PycharmProjects\Tile_Sorting\data\9x9-3a(Cam)\DSC_0236.JPG,C:\Users\MithunvelKL\PycharmProjects\Tile_Sorting\data\roboflow_dataset\3A\dslr__DSC_0236.jpg,True,281,282,76086.5
180,3A,dslr,C:\Users\MithunvelKL\PycharmProjects\Tile_Sorting\data\9x9-3a(Cam)\DSC_0237.JPG,C:\Users\MithunvelKL\PycharmProjects\Tile_Sorting\data\roboflow_dataset\3A\dslr__DSC_0237.jpg,True,294,295,79406.5
181,3A,dslr,C:\Users\MithunvelKL\PycharmProjects\Tile_Sorting\data\9x9-3a(Cam)\DSC_0238.JPG,C:\Users\MithunvelKL\PycharmProjects\Tile_Sorting\data\roboflow_dataset\3A\dslr__DSC_0238.jpg,True,287,288,78534.5
182,3A,dslr,C:\Users\MithunvelKL\PycharmProjects\Tile_Sorting\data\9x9-3a(Cam)\DSC_0239.JPG,C:\Users\MithunvelKL\PycharmProjects\Tile_Sorting\data\roboflow_dataset\3A\dslr__DSC_0239.jpg,True,280,282,70763.0
183,3A,dslr,C:\Users\MithunvelKL\PycharmProjects\Tile_Sorting\data\9x9-3a(Cam)\DSC_0240.JPG,C:\Users\MithunvelKL\PycharmProjects\Tile_Sorting\data\roboflow_dataset\3A\dslr__DSC_0240.jpg,True,283,286,77950.5
184,3A,dslr,C:\Users\MithunvelKL\PycharmProjects\Tile_Sorting\data\9x9-3a(Cam)\DSC_0241.JPG,C:\Users\MithunvelKL\PycharmProjects\Tile_Sorting\data\roboflow_dataset\3A\dslr__DSC_0241.jpg,True,286,287,78545.5
185,3A,dslr,C:\Users\MithunvelKL\PycharmProjects\Tile_Sorting\data\9x9-3a(Cam)\DSC_0242.JPG,C:\Users\MithunvelKL\PycharmProjects\Tile_Sorting\data\roboflow_dataset\3A\dslr__DSC_0242.jpg,True,353,356,117927.5
186,3A,dslr,C:\Users\MithunvelKL\PycharmProjects\Tile_Sorting\data\9x9-3a(Cam)\DSC_0243.JPG,C:\Users\MithunvelKL\PycharmProjects\Tile_Sorting\data\roboflow_dataset\3A\dslr__DSC_0243.jpg,True,326,327,99429.0
187,3A,dslr,C:\Users\MithunvelKL\PycharmProjects\Tile_Sorting\data\9x9-3a(Cam)\DSC_0244.JPG,C:\Users\MithunvelKL\PycharmProjects\Tile_Sorting\data\roboflow_dataset\3A\dslr__DSC_0244.jpg,True,299,303,87168.5
188,3A,dslr,C:\Users\MithunvelKL\PycharmProjects\Tile_Sorting\data\9x9-3a(Cam)\DSC_0245.JPG,C:\Users\MithunvelKL\PycharmProjects\Tile_Sorting\data\roboflow_dataset\3A\dslr__DSC_0245.jpg,True,310,307,88193.5
189,3A,dslr,C:\Users\MithunvelKL\PycharmProjects\Tile_Sorting\data\9x9-3a(Cam)\DSC_0246.JPG,C:\Users\MithunvelKL\PycharmProjects\Tile_Sorting\data\roboflow_dataset\3A\dslr__DSC_0246.jpg,True,332,336,109274.5
190,3A,dslr,C:\Users\MithunvelKL\PycharmProjects\Tile_Sorting\data\9x9-3a(Cam)\DSC_0247.JPG,C:\Users\MithunvelKL\PycharmProjects\Tile_Sorting\data\roboflow_dataset\3A\dslr__DSC_0247.jpg,True,320,322,98932.0
191,3A,dslr,C:\Users\MithunvelKL\PycharmProjects\Tile_Sorting\data\9x9-3a(Cam)\DSC_0248.JPG,C:\Users\MithunvelKL\PycharmProjects\Tile_Sorting\data\roboflow_dataset\3A\dslr__DSC_0248.jpg,True,327,324,103528.0
192,3A,dslr,C:\Users\MithunvelKL\PycharmProjects\Tile_Sorting\data\9x9-3a(Cam)\DSC_0249.JPG,C:\Users\MithunvelKL\PycharmProjects\Tile_Sorting\data\roboflow_dataset\3A\dslr__DSC_0249.jpg,True,340,342,111296.5
193,3A,dslr,C:\Users\MithunvelKL\PycharmProjects\Tile_Sorting\data\9x9-3a(Cam)\DSC_0250.JPG,C:\Users\MithunvelKL\PycharmProjects\Tile_Sorting\data\roboflow_dataset\3A\dslr__DSC_0250.jpg,True,341,340,107242.5
194,3A,dslr,C:\Users\MithunvelKL\PycharmProjects\Tile_Sorting\data\9x9-3a(Cam)\DSC_0251.JPG,C:\Users\MithunvelKL\PycharmProjects\Tile_Sorting\data\roboflow_dataset\3A\dslr__DSC_0251.jpg,True,336,341,111324.0
195,3A,dslr,C:\Users\MithunvelKL\PycharmProjects\Tile_Sorting\data\9x9-3a(Cam)\DSC_0252.JPG,C:\Users\MithunvelKL\PycharmProjects\Tile_Sorting\data\roboflow_dataset\3A\dslr__DSC_0252.jpg,True,331,330,100466.0
196,3A,dslr,C:\Users\MithunvelKL\PycharmProjects\Tile_Sorting\data\9x9-3a(Cam)\DSC_0253.JPG,C:\Users\MithunvelKL\PycharmProjects\Tile_Sorting\data\roboflow_dataset\3A\dslr__DSC_0253.jpg,True,313,311,91216.0
197,3A,dslr,C:\Users\MithunvelKL\PycharmProjects\Tile_Sorting\data\9x9-3a(Cam)\DSC_0254.JPG,C:\Users\MithunvelKL\PycharmProjects\Tile_Sorting\data\roboflow_dataset\3A\dslr__DSC_0254.jpg,True,344,350,113328.5
198,3A,dslr,C:\Users\MithunvelKL\PycharmProjects\Tile_Sorting\data\9x9-3a(Cam)\DSC_0255.JPG,C:\Users\MithunvelKL\PycharmProjects\Tile_Sorting\data\roboflow_dataset\3A\dslr__DSC_0255.jpg,True,341,343,113016.0
199,3A,dslr,C:\Users\MithunvelKL\PycharmProjects\Tile_Sorting\data\9x9-3a(Cam)\DSC_0256.JPG,C:\Users\MithunvelKL\PycharmProjects\Tile_Sorting\data\roboflow_dataset\3A\dslr__DSC_0256.jpg,True,297,299,83595.5
200,3A,dslr,C:\Users\MithunvelKL\PycharmProjects\Tile_Sorting\data\9x9-3a(Cam)\DSC_0257.JPG,C:\Users\MithunvelKL\PycharmProjects\Tile_Sorting\data\roboflow_dataset\3A\dslr__DSC_0257.jpg,True,350,352,116143.5
201,3A,dslr,C:\Users\MithunvelKL\PycharmProjects\Tile_Sorting\data\9x9-3a(Cam)\DSC_0258.JPG,C:\Users\MithunvelKL\PycharmProjects\Tile_Sorting\data\roboflow_dataset\3A\dslr__DSC_0258.jpg,True,341,345,110289.5
202,3A,dslr,C:\Users\MithunvelKL\PycharmProjects\Tile_Sorting\data\9x9-3a(Cam)\DSC_0259.JPG,C:\Users\MithunvelKL\PycharmProjects\Tile_Sorting\data\roboflow_dataset\3A\dslr__DSC_0259.jpg,True,336,333,108396.5
203,3A,dslr,C:\Users\MithunvelKL\PycharmProjects\Tile_Sorting\data\9x9-3a(Cam)\DSC_0260.JPG,C:\Users\MithunvelKL\PycharmProjects\Tile_Sorting\data\roboflow_dataset\3A\dslr__DSC_0260.jpg,True,343,345,114996.0
204,3A,dslr,C:\Users\MithunvelKL\PycharmProjects\Tile_Sorting\data\9x9-3a(Cam)\DSC_0261.JPG,C:\Users\MithunvelKL\PycharmProjects\Tile_Sorting\data\roboflow_dataset\3A\dslr__DSC_0261.jpg,True,332,336,109028.0
205,3A,dslr,C:\Users\MithunvelKL\PycharmProjects\Tile_Sorting\data\9x9-3a(Cam)\DSC_0262.JPG,C:\Users\MithunvelKL\PycharmProjects\Tile_Sorting\data\roboflow_dataset\3A\dslr__DSC_0262.jpg,True,330,330,103221.0
206,3A,dslr,C:\Users\MithunvelKL\PycharmProjects\Tile_Sorting\data\9x9-3a(Cam)\DSC_0263.JPG,C:\Users\MithunvelKL\PycharmProjects\Tile_Sorting\data\roboflow_dataset\3A\dslr__DSC_0263.jpg,True,319,318,97255.5
207,3A,dslr,C:\Users\MithunvelKL\PycharmProjects\Tile_Sorting\data\9x9-3a(Cam)\DSC_0264.JPG,C:\Users\MithunvelKL\PycharmProjects\Tile_Sorting\data\roboflow_dataset\3A\dslr__DSC_0264.jpg,True,276,274,71146.5
208,3A,dslr,C:\Users\MithunvelKL\PycharmProjects\Tile_Sorting\data\9x9-3a(Cam)\DSC_0265.JPG,C:\Users\MithunvelKL\PycharmProjects\Tile_Sorting\data\roboflow_dataset\3A\dslr__DSC_0265.jpg,True,301,305,85244.5
209,3A,dslr,C:\Users\MithunvelKL\PycharmProjects\Tile_Sorting\data\9x9-3a(Cam)\DSC_0266.JPG,C:\Users\MithunvelKL\PycharmProjects\Tile_Sorting\data\roboflow_dataset\3A\dslr__DSC_0266.jpg,True,319,317,93996.0
210,3A,dslr,C:\Users\MithunvelKL\PycharmProjects\Tile_Sorting\data\9x9-3a(Cam)\DSC_0267.JPG,C:\Users\MithunvelKL\PycharmProjects\Tile_Sorting\data\roboflow_dataset\3A\dslr__DSC_0267.jpg,True,329,329,102131.5
211,3A,dslr,C:\Users\MithunvelKL\PycharmProjects\Tile_Sorting\data\9x9-3a(Cam)\DSC_0268.JPG,C:\Users\MithunvelKL\PycharmProjects\Tile_Sorting\data\roboflow_dataset\3A\dslr__DSC_0268.jpg,True,340,337,99672.0
212,3A,dslr,C:\Users\MithunvelKL\PycharmProjects\Tile_Sorting\data\9x9-3a(Cam)\DSC_0269.JPG,C:\Users\MithunvelKL\PycharmProjects\Tile_Sorting\data\roboflow_dataset\3A\dslr__DSC_0269.jpg,True,317,316,97518.0
213,3A,dslr,C:\Users\MithunvelKL\PycharmProjects\Tile_Sorting\data\9x9-3a(Cam)\DSC_0270.JPG,C:\Users\MithunvelKL\PycharmProjects\Tile_Sorting\data\roboflow_dataset\3A\dslr__DSC_0270.jpg,True,333,334,105758.0
214,3A,dslr,C:\Users\MithunvelKL\PycharmProjects\Tile_Sorting\data\9x9-3a(Cam)\DSC_0271.JPG,C:\Users\MithunvelKL\PycharmProjects\Tile_Sorting\data\roboflow_dataset\3A\dslr__DSC_0271.jpg,True,323,320,99316.0
215,3A,dslr,C:\Users\MithunvelKL\PycharmProjects\Tile_Sorting\data\9x9-3a(Cam)\DSC_0272.JPG,C:\Users\MithunvelKL\PycharmProjects\Tile_Sorting\data\roboflow_dataset\3A\dslr__DSC_0272.jpg,True,344,348,110087.0
216,3A,dslr,C:\Users\MithunvelKL\PycharmProjects\Tile_Sorting\data\9x9-3a(Cam)\DSC_0273.JPG,C:\Users\MithunvelKL\PycharmProjects\Tile_Sorting\data\roboflow_dataset\3A\dslr__DSC_0273.jpg,True,363,360,120524.0
217,3A,dslr,C:\Users\MithunvelKL\PycharmProjects\Tile_Sorting\data\9x9-3a(Cam)\DSC_0274.JPG,C:\Users\MithunvelKL\PycharmProjects\Tile_Sorting\data\roboflow_dataset\3A\dslr__DSC_0274.jpg,True,362,364,122646.5
218,3A,dslr,C:\Users\MithunvelKL\PycharmProjects\Tile_Sorting\data\9x9-3a(Cam)\DSC_0275.JPG,C:\Users\MithunvelKL\PycharmProjects\Tile_Sorting\data\roboflow_dataset\3A\dslr__DSC_0275.jpg,True,362,367,128821.5
219,3A,dslr,C:\Users\MithunvelKL\PycharmProjects\Tile_Sorting\data\9x9-3a(Cam)\DSC_0276.JPG,C:\Users\MithunvelKL\PycharmProjects\Tile_Sorting\data\roboflow_dataset\3A\dslr__DSC_0276.jpg,True,356,354,122337.0
220,3A,dslr,C:\Users\MithunvelKL\PycharmProjects\Tile_Sorting\data\9x9-3a(Cam)\DSC_0277.JPG,C:\Users\MithunvelKL\PycharmProjects\Tile_Sorting\data\roboflow_dataset\3A\dslr__DSC_0277.jpg,True,348,350,115105.5
221,3A,dslr,C:\Users\MithunvelKL\PycharmProjects\Tile_Sorting\data\9x9-3a(Cam)\DSC_0278.JPG,C:\Users\MithunvelKL\PycharmProjects\Tile_Sorting\data\roboflow_dataset\3A\dslr__DSC_0278.jpg,True,361,360,124631.5
222,3A,dslr,C:\Users\MithunvelKL\PycharmProjects\Tile_Sorting\data\9x9-3a(Cam)\DSC_0279.JPG,C:\Users\MithunvelKL\PycharmProjects\Tile_Sorting\data\roboflow_dataset\3A\dslr__DSC_0279.jpg,True,356,359,121358.0
223,3B,dslr,C:\Users\MithunvelKL\PycharmProjects\Tile_Sorting\data\9x9-3b(Cam)\DSC_0133.JPG,C:\Users\MithunvelKL\PycharmProjects\Tile_Sorting\data\roboflow_dataset\3B\dslr__DSC_0133.jpg,True,320,319,87669.5
224,3B,dslr,C:\Users\MithunvelKL\PycharmProjects\Tile_Sorting\data\9x9-3b(Cam)\DSC_0134.JPG,C:\Users\MithunvelKL\PycharmProjects\Tile_Sorting\data\roboflow_dataset\3B\dslr__DSC_0134.jpg,True,361,362,123288.0
225,3B,dslr,C:\Users\MithunvelKL\PycharmProjects\Tile_Sorting\data\9x9-3b(Cam)\DSC_0135.JPG,C:\Users\MithunvelKL\PycharmProjects\Tile_Sorting\data\roboflow_dataset\3B\dslr__DSC_0135.jpg,True,405,403,155473.0
226,3B,dslr,C:\Users\MithunvelKL\PycharmProjects\Tile_Sorting\data\9x9-3b(Cam)\DSC_0136.JPG,C:\Users\MithunvelKL\PycharmProjects\Tile_Sorting\data\roboflow_dataset\3B\dslr__DSC_0136.jpg,True,342,336,105086.0
227,3B,dslr,C:\Users\MithunvelKL\PycharmProjects\Tile_Sorting\data\9x9-3b(Cam)\DSC_0137.JPG,C:\Users\MithunvelKL\PycharmProjects\Tile_Sorting\data\roboflow_dataset\3B\dslr__DSC_0137.jpg,True,318,314,89183.0
228,3B,dslr,C:\Users\MithunvelKL\PycharmProjects\Tile_Sorting\data\9x9-3b(Cam)\DSC_0138.JPG,C:\Users\MithunvelKL\PycharmProjects\Tile_Sorting\data\roboflow_dataset\3B\dslr__DSC_0138.jpg,True,450,370,157348.5
229,3B,dslr,C:\Users\MithunvelKL\PycharmProjects\Tile_Sorting\data\9x9-3b(Cam)\DSC_0139.JPG,C:\Users\MithunvelKL\PycharmProjects\Tile_Sorting\data\roboflow_dataset\3B\dslr__DSC_0139.jpg,True,362,350,111463.5
230,3B,dslr,C:\Users\MithunvelKL\PycharmProjects\Tile_Sorting\data\9x9-3b(Cam)\DSC_0140.JPG,C:\Users\MithunvelKL\PycharmProjects\Tile_Sorting\data\roboflow_dataset\3B\dslr__DSC_0140.jpg,True,343,339,112470.0
231,3B,dslr,C:\Users\MithunvelKL\PycharmProjects\Tile_Sorting\data\9x9-3b(Cam)\DSC_0141.JPG,C:\Users\MithunvelKL\PycharmProjects\Tile_Sorting\data\roboflow_dataset\3B\dslr__DSC_0141.jpg,True,338,342,104761.5
232,3B,dslr,C:\Users\MithunvelKL\PycharmProjects\Tile_Sorting\data\9x9-3b(Cam)\DSC_0142.JPG,C:\Users\MithunvelKL\PycharmProjects\Tile_Sorting\data\roboflow_dataset\3B\dslr__DSC_0142.jpg,True,319,323,99926.5
233,3B,dslr,C:\Users\MithunvelKL\PycharmProjects\Tile_Sorting\data\9x9-3b(Cam)\DSC_0143.JPG,C:\Users\MithunvelKL\PycharmProjects\Tile_Sorting\data\roboflow_dataset\3B\dslr__DSC_0143.jpg,True,388,388,141150.5
234,3B,dslr,C:\Users\MithunvelKL\PycharmProjects\Tile_Sorting\data\9x9-3b(Cam)\DSC_0144.JPG,C:\Users\MithunvelKL\PycharmProjects\Tile_Sorting\data\roboflow_dataset\3B\dslr__DSC_0144.jpg,True,384,390,141470.5
235,3B,dslr,C:\Users\MithunvelKL\PycharmProjects\Tile_Sorting\data\9x9-3b(Cam)\DSC_0145.JPG,C:\Users\MithunvelKL\PycharmProjects\Tile_Sorting\data\roboflow_dataset\3B\dslr__DSC_0145.jpg,True,366,369,127636.5
236,3B,dslr,C:\Users\MithunvelKL\PycharmProjects\Tile_Sorting\data\9x9-3b(Cam)\DSC_0146.JPG,C:\Users\MithunvelKL\PycharmProjects\Tile_Sorting\data\roboflow_dataset\3B\dslr__DSC_0146.jpg,True,366,366,128533.5
237,3B,dslr,C:\Users\MithunvelKL\PycharmProjects\Tile_Sorting\data\9x9-3b(Cam)\DSC_0147.JPG,C:\Users\MithunvelKL\PycharmProjects\Tile_Sorting\data\roboflow_dataset\3B\dslr__DSC_0147.jpg,True,369,372,129708.0
238,3B,dslr,C:\Users\MithunvelKL\PycharmProjects\Tile_Sorting\data\9x9-3b(Cam)\DSC_0148.JPG,C:\Users\MithunvelKL\PycharmProjects\Tile_Sorting\data\roboflow_dataset\3B\dslr__DSC_0148.jpg,True,353,355,117922.5
239,3B,dslr,C:\Users\MithunvelKL\PycharmProjects\Tile_Sorting\data\9x9-3b(Cam)\DSC_0149.JPG,C:\Users\MithunvelKL\PycharmProjects\Tile_Sorting\data\roboflow_dataset\3B\dslr__DSC_0149.jpg,True,322,322,98220.0
240,3B,dslr,C:\Users\MithunvelKL\PycharmProjects\Tile_Sorting\data\9x9-3b(Cam)\DSC_0150.JPG,C:\Users\MithunvelKL\PycharmProjects\Tile_Sorting\data\roboflow_dataset\3B\dslr__DSC_0150.jpg,True,385,384,139113.0
241,3B,dslr,C:\Users\MithunvelKL\PycharmProjects\Tile_Sorting\data\9x9-3b(Cam)\DSC_0151.JPG,C:\Users\MithunvelKL\PycharmProjects\Tile_Sorting\data\roboflow_dataset\3B\dslr__DSC_0151.jpg,True,382,386,138806.0
242,3B,dslr,C:\Users\MithunvelKL\PycharmProjects\Tile_Sorting\data\9x9-3b(Cam)\DSC_0152.JPG,C:\Users\MithunvelKL\PycharmProjects\Tile_Sorting\data\roboflow_dataset\3B\dslr__DSC_0152.jpg,True,345,343,113314.0
243,3B,dslr,C:\Users\MithunvelKL\PycharmProjects\Tile_Sorting\data\9x9-3b(Cam)\DSC_0153.JPG,C:\Users\MithunvelKL\PycharmProjects\Tile_Sorting\data\roboflow_dataset\3B\dslr__DSC_0153.jpg,True,324,315,96975.5
244,3B,dslr,C:\Users\MithunvelKL\PycharmProjects\Tile_Sorting\data\9x9-3b(Cam)\DSC_0154.JPG,C:\Users\MithunvelKL\PycharmProjects\Tile_Sorting\data\roboflow_dataset\3B\dslr__DSC_0154.jpg,True,371,368,128007.5
245,3B,dslr,C:\Users\MithunvelKL\PycharmProjects\Tile_Sorting\data\9x9-3b(Cam)\DSC_0155.JPG,C:\Users\MithunvelKL\PycharmProjects\Tile_Sorting\data\roboflow_dataset\3B\dslr__DSC_0155.jpg,True,371,364,120683.5
246,3B,dslr,C:\Users\MithunvelKL\PycharmProjects\Tile_Sorting\data\9x9-3b(Cam)\DSC_0156.JPG,C:\Users\MithunvelKL\PycharmProjects\Tile_Sorting\data\roboflow_dataset\3B\dslr__DSC_0156.jpg,True,428,418,164868.5
247,3B,dslr,C:\Users\MithunvelKL\PycharmProjects\Tile_Sorting\data\9x9-3b(Cam)\DSC_0157.JPG,C:\Users\MithunvelKL\PycharmProjects\Tile_Sorting\data\roboflow_dataset\3B\dslr__DSC_0157.jpg,True,419,429,166579.5
248,3B,dslr,C:\Users\MithunvelKL\PycharmProjects\Tile_Sorting\data\9x9-3b(Cam)\DSC_0158.JPG,C:\Users\MithunvelKL\PycharmProjects\Tile_Sorting\data\roboflow_dataset\3B\dslr__DSC_0158.jpg,True,434,414,170024.5
249,3B,dslr,C:\Users\MithunvelKL\PycharmProjects\Tile_Sorting\data\9x9-3b(Cam)\DSC_0159.JPG,C:\Users\MithunvelKL\PycharmProjects\Tile_Sorting\data\roboflow_dataset\3B\dslr__DSC_0159.jpg,True,433,430,175607.5
250,3B,dslr,C:\Users\MithunvelKL\PycharmProjects\Tile_Sorting\data\9x9-3b(Cam)\DSC_0160.JPG,C:\Users\MithunvelKL\PycharmProjects\Tile_Sorting\data\roboflow_dataset\3B\dslr__DSC_0160.jpg,True,390,388,139329.0
251,3B,dslr,C:\Users\MithunvelKL\PycharmProjects\Tile_Sorting\data\9x9-3b(Cam)\DSC_0161.JPG,C:\Users\MithunvelKL\PycharmProjects\Tile_Sorting\data\roboflow_dataset\3B\dslr__DSC_0161.jpg,True,431,427,167911.0
252,3B,dslr,C:\Users\MithunvelKL\PycharmProjects\Tile_Sorting\data\9x9-3b(Cam)\DSC_0162.JPG,C:\Users\MithunvelKL\PycharmProjects\Tile_Sorting\data\roboflow_dataset\3B\dslr__DSC_0162.jpg,True,345,355,116609.5
253,3B,dslr,C:\Users\MithunvelKL\PycharmProjects\Tile_Sorting\data\9x9-3b(Cam)\DSC_0163.JPG,C:\Users\MithunvelKL\PycharmProjects\Tile_Sorting\data\roboflow_dataset\3B\dslr__DSC_0163.jpg,True,321,326,98526.5
254,3B,dslr,C:\Users\MithunvelKL\PycharmProjects\Tile_Sorting\data\9x9-3b(Cam)\DSC_0164.JPG,C:\Users\MithunvelKL\PycharmProjects\Tile_Sorting\data\roboflow_dataset\3B\dslr__DSC_0164.jpg,True,336,331,105458.5
255,3B,dslr,C:\Users\MithunvelKL\PycharmProjects\Tile_Sorting\data\9x9-3b(Cam)\DSC_0165.JPG,C:\Users\MithunvelKL\PycharmProjects\Tile_Sorting\data\roboflow_dataset\3B\dslr__DSC_0165.jpg,True,382,377,137415.0
256,3B,dslr,C:\Users\MithunvelKL\PycharmProjects\Tile_Sorting\data\9x9-3b(Cam)\DSC_0166.JPG,C:\Users\MithunvelKL\PycharmProjects\Tile_Sorting\data\roboflow_dataset\3B\dslr__DSC_0166.jpg,True,383,387,139335.5
257,3B,dslr,C:\Users\MithunvelKL\PycharmProjects\Tile_Sorting\data\9x9-3b(Cam)\DSC_0167.JPG,C:\Users\MithunvelKL\PycharmProjects\Tile_Sorting\data\roboflow_dataset\3B\dslr__DSC_0167.jpg,True,414,412,165255.0
258,3B,dslr,C:\Users\MithunvelKL\PycharmProjects\Tile_Sorting\data\9x9-3b(Cam)\DSC_0168.JPG,C:\Users\MithunvelKL\PycharmProjects\Tile_Sorting\data\roboflow_dataset\3B\dslr__DSC_0168.jpg,True,449,430,181102.0
259,3B,dslr,C:\Users\MithunvelKL\PycharmProjects\Tile_Sorting\data\9x9-3b(Cam)\DSC_0169.JPG,C:\Users\MithunvelKL\PycharmProjects\Tile_Sorting\data\roboflow_dataset\3B\dslr__DSC_0169.jpg,True,413,419,165881.0
260,3B,dslr,C:\Users\MithunvelKL\PycharmProjects\Tile_Sorting\data\9x9-3b(Cam)\DSC_0170.JPG,C:\Users\MithunvelKL\PycharmProjects\Tile_Sorting\data\roboflow_dataset\3B\dslr__DSC_0170.jpg,True,379,386,136407.5
261,3B,dslr,C:\Users\MithunvelKL\PycharmProjects\Tile_Sorting\data\9x9-3b(Cam)\DSC_0171.JPG,C:\Users\MithunvelKL\PycharmProjects\Tile_Sorting\data\roboflow_dataset\3B\dslr__DSC_0171.jpg,True,420,408,160945.5
262,3B,dslr,C:\Users\MithunvelKL\PycharmProjects\Tile_Sorting\data\9x9-3b(Cam)\DSC_0172.JPG,C:\Users\MithunvelKL\PycharmProjects\Tile_Sorting\data\roboflow_dataset\3B\dslr__DSC_0172.jpg,True,425,434,169790.0
263,3B,dslr,C:\Users\MithunvelKL\PycharmProjects\Tile_Sorting\data\9x9-3b(Cam)\DSC_0173.JPG,C:\Users\MithunvelKL\PycharmProjects\Tile_Sorting\data\roboflow_dataset\3B\dslr__DSC_0173.jpg,True,387,387,139864.0
264,3B,dslr,C:\Users\MithunvelKL\PycharmProjects\Tile_Sorting\data\9x9-3b(Cam)\DSC_0174.JPG,C:\Users\MithunvelKL\PycharmProjects\Tile_Sorting\data\roboflow_dataset\3B\dslr__DSC_0174.jpg,True,382,377,137842.0
265,3B,dslr,C:\Users\MithunvelKL\PycharmProjects\Tile_Sorting\data\9x9-3b(Cam)\DSC_0175.JPG,C:\Users\MithunvelKL\PycharmProjects\Tile_Sorting\data\roboflow_dataset\3B\dslr__DSC_0175.jpg,True,387,387,141035.0
266,3B,dslr,C:\Users\MithunvelKL\PycharmProjects\Tile_Sorting\data\9x9-3b(Cam)\DSC_0176.JPG,C:\Users\MithunvelKL\PycharmProjects\Tile_Sorting\data\roboflow_dataset\3B\dslr__DSC_0176.jpg,True,415,406,162204.0
267,3B,dslr,C:\Users\MithunvelKL\PycharmProjects\Tile_Sorting\data\9x9-3b(Cam)\DSC_0177.JPG,C:\Users\MithunvelKL\PycharmProjects\Tile_Sorting\data\roboflow_dataset\3B\dslr__DSC_0177.jpg,True,396,398,151225.0
268,3B,dslr,C:\Users\MithunvelKL\PycharmProjects\Tile_Sorting\data\9x9-3b(Cam)\DSC_0178.JPG,C:\Users\MithunvelKL\PycharmProjects\Tile_Sorting\data\roboflow_dataset\3B\dslr__DSC_0178.jpg,True,433,425,171986.5
269,3B,dslr,C:\Users\MithunvelKL\PycharmProjects\Tile_Sorting\data\9x9-3b(Cam)\DSC_0179.JPG,C:\Users\MithunvelKL\PycharmProjects\Tile_Sorting\data\roboflow_dataset\3B\dslr__DSC_0179.jpg,True,480,479,220799.5
270,3B,dslr,C:\Users\MithunvelKL\PycharmProjects\Tile_Sorting\data\9x9-3b(Cam)\DSC_0180.JPG,C:\Users\MithunvelKL\PycharmProjects\Tile_Sorting\data\roboflow_dataset\3B\dslr__DSC_0180.jpg,True,401,394,152359.5
271,3B,dslr,C:\Users\MithunvelKL\PycharmProjects\Tile_Sorting\data\9x9-3b(Cam)\DSC_0181.JPG,C:\Users\MithunvelKL\PycharmProjects\Tile_Sorting\data\roboflow_dataset\3B\dslr__DSC_0181.jpg,True,337,331,107554.5
272,3B,dslr,C:\Users\MithunvelKL\PycharmProjects\Tile_Sorting\data\9x9-3b(Cam)\DSC_0182.JPG,C:\Users\MithunvelKL\PycharmProjects\Tile_Sorting\data\roboflow_dataset\3B\dslr__DSC_0182.jpg,True,362,357,122778.0
273,3B,dslr,C:\Users\MithunvelKL\PycharmProjects\Tile_Sorting\data\9x9-3b(Cam)\DSC_0183.JPG,C:\Users\MithunvelKL\PycharmProjects\Tile_Sorting\data\roboflow_dataset\3B\dslr__DSC_0183.jpg,True,360,354,119811.0
274,3B,dslr,C:\Users\MithunvelKL\PycharmProjects\Tile_Sorting\data\9x9-3b(Cam)\DSC_0184.JPG,C:\Users\MithunvelKL\PycharmProjects\Tile_Sorting\data\roboflow_dataset\3B\dslr__DSC_0184.jpg,True,395,378,141822.5
275,3B,dslr,C:\Users\MithunvelKL\PycharmProjects\Tile_Sorting\data\9x9-3b(Cam)\DSC_0185.JPG,C:\Users\MithunvelKL\PycharmProjects\Tile_Sorting\data\roboflow_dataset\3B\dslr__DSC_0185.jpg,True,378,373,135900.0
276,3B,dslr,C:\Users\MithunvelKL\PycharmProjects\Tile_Sorting\data\9x9-3b(Cam)\DSC_0186.JPG,C:\Users\MithunvelKL\PycharmProjects\Tile_Sorting\data\roboflow_dataset\3B\dslr__DSC_0186.jpg,True,388,388,143730.0
277,3B,dslr,C:\Users\MithunvelKL\PycharmProjects\Tile_Sorting\data\9x9-3b(Cam)\DSC_0187.JPG,C:\Users\MithunvelKL\PycharmProjects\Tile_Sorting\data\roboflow_dataset\3B\dslr__DSC_0187.jpg,True,412,403,157222.0
278,3B,dslr,C:\Users\MithunvelKL\PycharmProjects\Tile_Sorting\data\9x9-3b(Cam)\DSC_0188.JPG,C:\Users\MithunvelKL\PycharmProjects\Tile_Sorting\data\roboflow_dataset\3B\dslr__DSC_0188.jpg,True,400,383,143852.5
279,3B,dslr,C:\Users\MithunvelKL\PycharmProjects\Tile_Sorting\data\9x9-3b(Cam)\DSC_0189.JPG,C:\Users\MithunvelKL\PycharmProjects\Tile_Sorting\data\roboflow_dataset\3B\dslr__DSC_0189.jpg,True,387,376,137929.5
280,3B,dslr,C:\Users\MithunvelKL\PycharmProjects\Tile_Sorting\data\9x9-3b(Cam)\DSC_0190.JPG,C:\Users\MithunvelKL\PycharmProjects\Tile_Sorting\data\roboflow_dataset\3B\dslr__DSC_0190.jpg,True,357,352,121223.5
281,3B,dslr,C:\Users\MithunvelKL\PycharmProjects\Tile_Sorting\data\9x9-3b(Cam)\DSC_0191.JPG,C:\Users\MithunvelKL\PycharmProjects\Tile_Sorting\data\roboflow_dataset\3B\dslr__DSC_0191.jpg,True,346,340,112449.5
282,3B,dslr,C:\Users\MithunvelKL\PycharmProjects\Tile_Sorting\data\9x9-3b(Cam)\DSC_0192.JPG,C:\Users\MithunvelKL\PycharmProjects\Tile_Sorting\data\roboflow_dataset\3B\dslr__DSC_0192.jpg,True,369,362,122593.5
283,3B,dslr,C:\Users\MithunvelKL\PycharmProjects\Tile_Sorting\data\9x9-3b(Cam)\DSC_0193.JPG,C:\Users\MithunvelKL\PycharmProjects\Tile_Sorting\data\roboflow_dataset\3B\dslr__DSC_0193.jpg,True,373,379,135576.0
284,3B,dslr,C:\Users\MithunvelKL\PycharmProjects\Tile_Sorting\data\9x9-3b(Cam)\DSC_0194.JPG,C:\Users\MithunvelKL\PycharmProjects\Tile_Sorting\data\roboflow_dataset\3B\dslr__DSC_0194.jpg,True,366,365,127719.5
285,3B,dslr,C:\Users\MithunvelKL\PycharmProjects\Tile_Sorting\data\9x9-3b(Cam)\DSC_0195.JPG,C:\Users\MithunvelKL\PycharmProjects\Tile_Sorting\data\roboflow_dataset\3B\dslr__DSC_0195.jpg,True,370,377,133027.0
286,3B,dslr,C:\Users\MithunvelKL\PycharmProjects\Tile_Sorting\data\9x9-3b(Cam)\DSC_0196.JPG,C:\Users\MithunvelKL\PycharmProjects\Tile_Sorting\data\roboflow_dataset\3B\dslr__DSC_0196.jpg,True,375,370,129871.0
287,3B,dslr,C:\Users\MithunvelKL\PycharmProjects\Tile_Sorting\data\9x9-3b(Cam)\DSC_0197.JPG,C:\Users\MithunvelKL\PycharmProjects\Tile_Sorting\data\roboflow_dataset\3B\dslr__DSC_0197.jpg,True,366,374,131453.0
288,3B,dslr,C:\Users\MithunvelKL\PycharmProjects\Tile_Sorting\data\9x9-3b(Cam)\DSC_0198.JPG,C:\Users\MithunvelKL\PycharmProjects\Tile_Sorting\data\roboflow_dataset\3B\dslr__DSC_0198.jpg,True,372,367,129022.0
289,3B,dslr,C:\Users\MithunvelKL\PycharmProjects\Tile_Sorting\data\9x9-3b(Cam)\DSC_0199.JPG,C:\Users\MithunvelKL\PycharmProjects\Tile_Sorting\data\roboflow_dataset\3B\dslr__DSC_0199.jpg,True,373,380,136587.0
290,3B,dslr,C:\Users\MithunvelKL\PycharmProjects\Tile_Sorting\data\9x9-3b(Cam)\DSC_0200.JPG,C:\Users\MithunvelKL\PycharmProjects\Tile_Sorting\data\roboflow_dataset\3B\dslr__DSC_0200.jpg,True,333,323,103416.0
291,3B,dslr,C:\Users\MithunvelKL\PycharmProjects\Tile_Sorting\data\9x9-3b(Cam)\DSC_0201.JPG,C:\Users\MithunvelKL\PycharmProjects\Tile_Sorting\data\roboflow_dataset\3B\dslr__DSC_0201.jpg,True,372,371,129036.0
292,3B,dslr,C:\Users\MithunvelKL\PycharmProjects\Tile_Sorting\data\9x9-3b(Cam)\DSC_0202.JPG,C:\Users\MithunvelKL\PycharmProjects\Tile_Sorting\data\roboflow_dataset\3B\dslr__DSC_0202.jpg,True,358,349,117991.5
293,3B,dslr,C:\Users\MithunvelKL\PycharmProjects\Tile_Sorting\data\9x9-3b(Cam)\DSC_0203.JPG,C:\Users\MithunvelKL\PycharmProjects\Tile_Sorting\data\roboflow_dataset\3B\dslr__DSC_0203.jpg,True,349,355,119703.0
294,3B,dslr,C:\Users\MithunvelKL\PycharmProjects\Tile_Sorting\data\9x9-3b(Cam)\DSC_0204.JPG,C:\Users\MithunvelKL\PycharmProjects\Tile_Sorting\data\roboflow_dataset\3B\dslr__DSC_0204.jpg,True,347,352,117486.0
295,3B,dslr,C:\Users\MithunvelKL\PycharmProjects\Tile_Sorting\data\9x9-3b(Cam)\DSC_0205.JPG,C:\Users\MithunvelKL\PycharmProjects\Tile_Sorting\data\roboflow_dataset\3B\dslr__DSC_0205.jpg,True,378,373,132576.0
296,3B,dslr,C:\Users\MithunvelKL\PycharmProjects\Tile_Sorting\data\9x9-3b(Cam)\DSC_0206.JPG,C:\Users\MithunvelKL\PycharmProjects\Tile_Sorting\data\roboflow_dataset\3B\dslr__DSC_0206.jpg,True,331,338,100215.5
297,3B,dslr,C:\Users\MithunvelKL\PycharmProjects\Tile_Sorting\data\9x9-3b(Cam)\DSC_0207.JPG,C:\Users\MithunvelKL\PycharmProjects\Tile_Sorting\data\roboflow_dataset\3B\dslr__DSC_0207.jpg,True,344,345,112995.5
298,3B,dslr,C:\Users\MithunvelKL\PycharmProjects\Tile_Sorting\data\9x9-3b(Cam)\DSC_0208.JPG,C:\Users\MithunvelKL\PycharmProjects\Tile_Sorting\data\roboflow_dataset\3B\dslr__DSC_0208.jpg,True,356,356,119313.5
299,3B,dslr,C:\Users\MithunvelKL\PycharmProjects\Tile_Sorting\data\9x9-3b(Cam)\DSC_0209.JPG,C:\Users\MithunvelKL\PycharmProjects\Tile_Sorting\data\roboflow_dataset\3B\dslr__DSC_0209.jpg,True,353,363,122409.5
300,3B,dslr,C:\Users\MithunvelKL\PycharmProjects\Tile_Sorting\data\9x9-3b(Cam)\DSC_0210.JPG,C:\Users\MithunvelKL\PycharmProjects\Tile_Sorting\data\roboflow_dataset\3B\dslr__DSC_0210.jpg,True,321,321,99321.5
301,3B,dslr,C:\Users\MithunvelKL\PycharmProjects\Tile_Sorting\data\9x9-3b(Cam)\DSC_0211.JPG,C:\Users\MithunvelKL\PycharmProjects\Tile_Sorting\data\roboflow_dataset\3B\dslr__DSC_0211.jpg,True,331,333,106400.5
302,3B,dslr,C:\Users\MithunvelKL\PycharmProjects\Tile_Sorting\data\9x9-3b(Cam)\DSC_0212.JPG,C:\Users\MithunvelKL\PycharmProjects\Tile_Sorting\data\roboflow_dataset\3B\dslr__DSC_0212.jpg,True,334,328,106091.5
303,3B,dslr,C:\Users\MithunvelKL\PycharmProjects\Tile_Sorting\data\9x9-3b(Cam)\DSC_0213.JPG,C:\Users\MithunvelKL\PycharmProjects\Tile_Sorting\data\roboflow_dataset\3B\dslr__DSC_0213.jpg,True,331,333,104363.5
304,3B,dslr,C:\Users\MithunvelKL\PycharmProjects\Tile_Sorting\data\9x9-3b(Cam)\DSC_0214.JPG,C:\Users\MithunvelKL\PycharmProjects\Tile_Sorting\data\roboflow_dataset\3B\dslr__DSC_0214.jpg,True,302,305,89054.5
305,3B,dslr,C:\Users\MithunvelKL\PycharmProjects\Tile_Sorting\data\9x9-3b(Cam)\DSC_0215.JPG,C:\Users\MithunvelKL\PycharmProjects\Tile_Sorting\data\roboflow_dataset\3B\dslr__DSC_0215.jpg,True,350,335,111728.0
306,3B,dslr,C:\Users\MithunvelKL\PycharmProjects\Tile_Sorting\data\9x9-3b(Cam)\DSC_0216.JPG,C:\Users\MithunvelKL\PycharmProjects\Tile_Sorting\data\roboflow_dataset\3B\dslr__DSC_0216.jpg,True,344,349,115587.5
307,3B,dslr,C:\Users\MithunvelKL\PycharmProjects\Tile_Sorting\data\9x9-3b(Cam)\DSC_0217.JPG,C:\Users\MithunvelKL\PycharmProjects\Tile_Sorting\data\roboflow_dataset\3B\dslr__DSC_0217.jpg,True,342,342,112086.0
308,3B,dslr,C:\Users\MithunvelKL\PycharmProjects\Tile_Sorting\data\9x9-3b(Cam)\DSC_0218.JPG,C:\Users\MithunvelKL\PycharmProjects\Tile_Sorting\data\roboflow_dataset\3B\dslr__DSC_0218.jpg,True,342,342,113131.0
309,3B,dslr,C:\Users\MithunvelKL\PycharmProjects\Tile_Sorting\data\9x9-3b(Cam)\DSC_0219.JPG,C:\Users\MithunvelKL\PycharmProjects\Tile_Sorting\data\roboflow_dataset\3B\dslr__DSC_0219.jpg,True,350,352,117242.5
310,3B,dslr,C:\Users\MithunvelKL\PycharmProjects\Tile_Sorting\data\9x9-3b(Cam)\DSC_0220.JPG,C:\Users\MithunvelKL\PycharmProjects\Tile_Sorting\data\roboflow_dataset\3B\dslr__DSC_0220.jpg,True,348,348,117115.5
311,3B,dslr,C:\Users\MithunvelKL\PycharmProjects\Tile_Sorting\data\9x9-3b(Cam)\DSC_0221.JPG,C:\Users\MithunvelKL\PycharmProjects\Tile_Sorting\data\roboflow_dataset\3B\dslr__DSC_0221.jpg,True,331,340,109030.0
312,4,dslr,C:\Users\MithunvelKL\PycharmProjects\Tile_Sorting\data\9x9-4(Cam)\DSC_0097.JPG,C:\Users\MithunvelKL\PycharmProjects\Tile_Sorting\data\roboflow_dataset\4\dslr__DSC_0097.jpg,True,357,352,114361.5
313,4,dslr,C:\Users\MithunvelKL\PycharmProjects\Tile_Sorting\data\9x9-4(Cam)\DSC_0098.JPG,C:\Users\MithunvelKL\PycharmProjects\Tile_Sorting\data\roboflow_dataset\4\dslr__DSC_0098.jpg,True,240,238,54986.5
314,4,dslr,C:\Users\MithunvelKL\PycharmProjects\Tile_Sorting\data\9x9-4(Cam)\DSC_0099.JPG,C:\Users\MithunvelKL\PycharmProjects\Tile_Sorting\data\roboflow_dataset\4\dslr__DSC_0099.jpg,True,278,275,70327.5
315,4,dslr,C:\Users\MithunvelKL\PycharmProjects\Tile_Sorting\data\9x9-4(Cam)\DSC_0100.JPG,C:\Users\MithunvelKL\PycharmProjects\Tile_Sorting\data\roboflow_dataset\4\dslr__DSC_0100.jpg,True,250,250,59669.0
316,4,dslr,C:\Users\MithunvelKL\PycharmProjects\Tile_Sorting\data\9x9-4(Cam)\DSC_0101.JPG,C:\Users\MithunvelKL\PycharmProjects\Tile_Sorting\data\roboflow_dataset\4\dslr__DSC_0101.jpg,True,275,271,70367.5
317,4,dslr,C:\Users\MithunvelKL\PycharmProjects\Tile_Sorting\data\9x9-4(Cam)\DSC_0102.JPG,C:\Users\MithunvelKL\PycharmProjects\Tile_Sorting\data\roboflow_dataset\4\dslr__DSC_0102.jpg,True,245,245,58437.5
318,4,dslr,C:\Users\MithunvelKL\PycharmProjects\Tile_Sorting\data\9x9-4(Cam)\DSC_0103.JPG,C:\Users\MithunvelKL\PycharmProjects\Tile_Sorting\data\roboflow_dataset\4\dslr__DSC_0103.jpg,True,275,274,65789.5
319,4,dslr,C:\Users\MithunvelKL\PycharmProjects\Tile_Sorting\data\9x9-4(Cam)\DSC_0104.JPG,C:\Users\MithunvelKL\PycharmProjects\Tile_Sorting\data\roboflow_dataset\4\dslr__DSC_0104.jpg,True,297,293,83649.0
320,4,dslr,C:\Users\MithunvelKL\PycharmProjects\Tile_Sorting\data\9x9-4(Cam)\DSC_0105.JPG,C:\Users\MithunvelKL\PycharmProjects\Tile_Sorting\data\roboflow_dataset\4\dslr__DSC_0105.jpg,True,267,263,67794.0
321,4,dslr,C:\Users\MithunvelKL\PycharmProjects\Tile_Sorting\data\9x9-4(Cam)\DSC_0106.JPG,C:\Users\MithunvelKL\PycharmProjects\Tile_Sorting\data\roboflow_dataset\4\dslr__DSC_0106.jpg,True,272,272,61933.0
322,4,dslr,C:\Users\MithunvelKL\PycharmProjects\Tile_Sorting\data\9x9-4(Cam)\DSC_0107.JPG,C:\Users\MithunvelKL\PycharmProjects\Tile_Sorting\data\roboflow_dataset\4\dslr__DSC_0107.jpg,True,316,313,91977.0
323,4,dslr,C:\Users\MithunvelKL\PycharmProjects\Tile_Sorting\data\9x9-4(Cam)\DSC_0108.JPG,C:\Users\MithunvelKL\PycharmProjects\Tile_Sorting\data\roboflow_dataset\4\dslr__DSC_0108.jpg,True,304,310,90933.5
324,4,dslr,C:\Users\MithunvelKL\PycharmProjects\Tile_Sorting\data\9x9-4(Cam)\DSC_0109.JPG,C:\Users\MithunvelKL\PycharmProjects\Tile_Sorting\data\roboflow_dataset\4\dslr__DSC_0109.jpg,True,343,339,106447.5
325,4,dslr,C:\Users\MithunvelKL\PycharmProjects\Tile_Sorting\data\9x9-4(Cam)\DSC_0110.JPG,,False,,,
326,4,dslr,C:\Users\MithunvelKL\PycharmProjects\Tile_Sorting\data\9x9-4(Cam)\DSC_0111.JPG,C:\Users\MithunvelKL\PycharmProjects\Tile_Sorting\data\roboflow_dataset\4\dslr__DSC_0111.jpg,True,237,226,43709.5
327,4,dslr,C:\Users\MithunvelKL\PycharmProjects\Tile_Sorting\data\9x9-4(Cam)\DSC_0112.JPG,C:\Users\MithunvelKL\PycharmProjects\Tile_Sorting\data\roboflow_dataset\4\dslr__DSC_0112.jpg,True,325,330,95997.5
328,4,dslr,C:\Users\MithunvelKL\PycharmProjects\Tile_Sorting\data\9x9-4(Cam)\DSC_0113.JPG,C:\Users\MithunvelKL\PycharmProjects\Tile_Sorting\data\roboflow_dataset\4\dslr__DSC_0113.jpg,True,376,372,128240.5
329,4,dslr,C:\Users\MithunvelKL\PycharmProjects\Tile_Sorting\data\9x9-4(Cam)\DSC_0114.JPG,C:\Users\MithunvelKL\PycharmProjects\Tile_Sorting\data\roboflow_dataset\4\dslr__DSC_0114.jpg,True,340,337,110956.5
330,4,dslr,C:\Users\MithunvelKL\PycharmProjects\Tile_Sorting\data\9x9-4(Cam)\DSC_0115.JPG,C:\Users\MithunvelKL\PycharmProjects\Tile_Sorting\data\roboflow_dataset\4\dslr__DSC_0115.jpg,True,335,333,106321.5
331,4,dslr,C:\Users\MithunvelKL\PycharmProjects\Tile_Sorting\data\9x9-4(Cam)\DSC_0116.JPG,C:\Users\MithunvelKL\PycharmProjects\Tile_Sorting\data\roboflow_dataset\4\dslr__DSC_0116.jpg,True,372,370,133674.0
332,4,dslr,C:\Users\MithunvelKL\PycharmProjects\Tile_Sorting\data\9x9-4(Cam)\DSC_0117.JPG,C:\Users\MithunvelKL\PycharmProjects\Tile_Sorting\data\roboflow_dataset\4\dslr__DSC_0117.jpg,True,258,259,62691.0
333,4,dslr,C:\Users\MithunvelKL\PycharmProjects\Tile_Sorting\data\9x9-4(Cam)\DSC_0118.JPG,C:\Users\MithunvelKL\PycharmProjects\Tile_Sorting\data\roboflow_dataset\4\dslr__DSC_0118.jpg,True,303,301,85333.5
334,4,dslr,C:\Users\MithunvelKL\PycharmProjects\Tile_Sorting\data\9x9-4(Cam)\DSC_0119.JPG,C:\Users\MithunvelKL\PycharmProjects\Tile_Sorting\data\roboflow_dataset\4\dslr__DSC_0119.jpg,True,322,317,97947.5
335,4,dslr,C:\Users\MithunvelKL\PycharmProjects\Tile_Sorting\data\9x9-4(Cam)\DSC_0120.JPG,C:\Users\MithunvelKL\PycharmProjects\Tile_Sorting\data\roboflow_dataset\4\dslr__DSC_0120.jpg,True,335,329,100557.5
336,4,dslr,C:\Users\MithunvelKL\PycharmProjects\Tile_Sorting\data\9x9-4(Cam)\DSC_0121.JPG,C:\Users\MithunvelKL\PycharmProjects\Tile_Sorting\data\roboflow_dataset\4\dslr__DSC_0121.jpg,True,289,290,77370.0
337,4,dslr,C:\Users\MithunvelKL\PycharmProjects\Tile_Sorting\data\9x9-4(Cam)\DSC_0122.JPG,C:\Users\MithunvelKL\PycharmProjects\Tile_Sorting\data\roboflow_dataset\4\dslr__DSC_0122.jpg,True,239,238,53764.5
338,4,dslr,C:\Users\MithunvelKL\PycharmProjects\Tile_Sorting\data\9x9-4(Cam)\DSC_0123.JPG,C:\Users\MithunvelKL\PycharmProjects\Tile_Sorting\data\roboflow_dataset\4\dslr__DSC_0123.jpg,True,317,318,95456.0
339,4,dslr,C:\Users\MithunvelKL\PycharmProjects\Tile_Sorting\data\9x9-4(Cam)\DSC_0124.JPG,C:\Users\MithunvelKL\PycharmProjects\Tile_Sorting\data\roboflow_dataset\4\dslr__DSC_0124.jpg,True,299,297,84266.5
340,4,dslr,C:\Users\MithunvelKL\PycharmProjects\Tile_Sorting\data\9x9-4(Cam)\DSC_0125.JPG,C:\Users\MithunvelKL\PycharmProjects\Tile_Sorting\data\roboflow_dataset\4\dslr__DSC_0125.jpg,True,320,324,98533.0
341,4,dslr,C:\Users\MithunvelKL\PycharmProjects\Tile_Sorting\data\9x9-4(Cam)\DSC_0126.JPG,C:\Users\MithunvelKL\PycharmProjects\Tile_Sorting\data\roboflow_dataset\4\dslr__DSC_0126.jpg,True,315,315,96033.0
342,4,dslr,C:\Users\MithunvelKL\PycharmProjects\Tile_Sorting\data\9x9-4(Cam)\DSC_0127.JPG,C:\Users\MithunvelKL\PycharmProjects\Tile_Sorting\data\roboflow_dataset\4\dslr__DSC_0127.jpg,True,327,331,103563.5
343,4,dslr,C:\Users\MithunvelKL\PycharmProjects\Tile_Sorting\data\9x9-4(Cam)\DSC_0128.JPG,C:\Users\MithunvelKL\PycharmProjects\Tile_Sorting\data\roboflow_dataset\4\dslr__DSC_0128.jpg,True,352,350,112586.0
344,4,dslr,C:\Users\MithunvelKL\PycharmProjects\Tile_Sorting\data\9x9-4(Cam)\DSC_0129.JPG,C:\Users\MithunvelKL\PycharmProjects\Tile_Sorting\data\roboflow_dataset\4\dslr__DSC_0129.jpg,True,312,314,93096.0
345,4,dslr,C:\Users\MithunvelKL\PycharmProjects\Tile_Sorting\data\9x9-4(Cam)\DSC_0130.JPG,C:\Users\MithunvelKL\PycharmProjects\Tile_Sorting\data\roboflow_dataset\4\dslr__DSC_0130.jpg,True,328,333,100745.5
346,4,dslr,C:\Users\MithunvelKL\PycharmProjects\Tile_Sorting\data\9x9-4(Cam)\DSC_0131.JPG,C:\Users\MithunvelKL\PycharmProjects\Tile_Sorting\data\roboflow_dataset\4\dslr__DSC_0131.jpg,True,320,318,97694.5
347,5,dslr,C:\Users\MithunvelKL\PycharmProjects\Tile_Sorting\data\9x9-5(Cam)\DSC_0065.JPG,C:\Users\MithunvelKL\PycharmProjects\Tile_Sorting\data\roboflow_dataset\5\dslr__DSC_0065.jpg,True,543,508,242003.0
348,5,dslr,C:\Users\MithunvelKL\PycharmProjects\Tile_Sorting\data\9x9-5(Cam)\DSC_0066.JPG,C:\Users\MithunvelKL\PycharmProjects\Tile_Sorting\data\roboflow_dataset\5\dslr__DSC_0066.jpg,True,452,432,159856.5
349,5,dslr,C:\Users\MithunvelKL\PycharmProjects\Tile_Sorting\data\9x9-5(Cam)\DSC_0067.JPG,C:\Users\MithunvelKL\PycharmProjects\Tile_Sorting\data\roboflow_dataset\5\dslr__DSC_0067.jpg,True,524,470,225588.5
350,5,dslr,C:\Users\MithunvelKL\PycharmProjects\Tile_Sorting\data\9x9-5(Cam)\DSC_0068.JPG,C:\Users\MithunvelKL\PycharmProjects\Tile_Sorting\data\roboflow_dataset\5\dslr__DSC_0068.jpg,True,535,447,205424.0
351,5,dslr,C:\Users\MithunvelKL\PycharmProjects\Tile_Sorting\data\9x9-5(Cam)\DSC_0069.JPG,C:\Users\MithunvelKL\PycharmProjects\Tile_Sorting\data\roboflow_dataset\5\dslr__DSC_0069.jpg,True,651,623,363351.0
352,5,dslr,C:\Users\MithunvelKL\PycharmProjects\Tile_Sorting\data\9x9-5(Cam)\DSC_0070.JPG,C:\Users\MithunvelKL\PycharmProjects\Tile_Sorting\data\roboflow_dataset\5\dslr__DSC_0070.jpg,True,583,564,297668.5
353,5,dslr,C:\Users\MithunvelKL\PycharmProjects\Tile_Sorting\data\9x9-5(Cam)\DSC_0071.JPG,C:\Users\MithunvelKL\PycharmProjects\Tile_Sorting\data\roboflow_dataset\5\dslr__DSC_0071.jpg,True,451,433,178803.5
354,5,dslr,C:\Users\MithunvelKL\PycharmProjects\Tile_Sorting\data\9x9-5(Cam)\DSC_0072.JPG,C:\Users\MithunvelKL\PycharmProjects\Tile_Sorting\data\roboflow_dataset\5\dslr__DSC_0072.jpg,True,407,384,144735.5
355,5,dslr,C:\Users\MithunvelKL\PycharmProjects\Tile_Sorting\data\9x9-5(Cam)\DSC_0073.JPG,C:\Users\MithunvelKL\PycharmProjects\Tile_Sorting\data\roboflow_dataset\5\dslr__DSC_0073.jpg,True,487,458,210244.5
356,5,dslr,C:\Users\MithunvelKL\PycharmProjects\Tile_Sorting\data\9x9-5(Cam)\DSC_0074.JPG,C:\Users\MithunvelKL\PycharmProjects\Tile_Sorting\data\roboflow_dataset\5\dslr__DSC_0074.jpg,True,470,447,193048.5
357,5,dslr,C:\Users\MithunvelKL\PycharmProjects\Tile_Sorting\data\9x9-5(Cam)\DSC_0075.JPG,C:\Users\MithunvelKL\PycharmProjects\Tile_Sorting\data\roboflow_dataset\5\dslr__DSC_0075.jpg,True,483,472,207590.0
358,5,dslr,C:\Users\MithunvelKL\PycharmProjects\Tile_Sorting\data\9x9-5(Cam)\DSC_0076.JPG,C:\Users\MithunvelKL\PycharmProjects\Tile_Sorting\data\roboflow_dataset\5\dslr__DSC_0076.jpg,True,469,455,204049.5
359,5,dslr,C:\Users\MithunvelKL\PycharmProjects\Tile_Sorting\data\9x9-5(Cam)\DSC_0077.JPG,C:\Users\MithunvelKL\PycharmProjects\Tile_Sorting\data\roboflow_dataset\5\dslr__DSC_0077.jpg,True,509,506,241157.5
360,5,dslr,C:\Users\MithunvelKL\PycharmProjects\Tile_Sorting\data\9x9-5(Cam)\DSC_0078.JPG,C:\Users\MithunvelKL\PycharmProjects\Tile_Sorting\data\roboflow_dataset\5\dslr__DSC_0078.jpg,True,560,539,282579.0
361,5,dslr,C:\Users\MithunvelKL\PycharmProjects\Tile_Sorting\data\9x9-5(Cam)\DSC_0079.JPG,C:\Users\MithunvelKL\PycharmProjects\Tile_Sorting\data\roboflow_dataset\5\dslr__DSC_0079.jpg,True,587,570,311104.0
362,5,dslr,C:\Users\MithunvelKL\PycharmProjects\Tile_Sorting\data\9x9-5(Cam)\DSC_0080.JPG,C:\Users\MithunvelKL\PycharmProjects\Tile_Sorting\data\roboflow_dataset\5\dslr__DSC_0080.jpg,True,500,480,228113.5
363,5,dslr,C:\Users\MithunvelKL\PycharmProjects\Tile_Sorting\data\9x9-5(Cam)\DSC_0081.JPG,C:\Users\MithunvelKL\PycharmProjects\Tile_Sorting\data\roboflow_dataset\5\dslr__DSC_0081.jpg,True,491,479,224078.5
364,5,dslr,C:\Users\MithunvelKL\PycharmProjects\Tile_Sorting\data\9x9-5(Cam)\DSC_0082.JPG,C:\Users\MithunvelKL\PycharmProjects\Tile_Sorting\data\roboflow_dataset\5\dslr__DSC_0082.jpg,True,555,543,281293.0
365,5,dslr,C:\Users\MithunvelKL\PycharmProjects\Tile_Sorting\data\9x9-5(Cam)\DSC_0083.JPG,C:\Users\MithunvelKL\PycharmProjects\Tile_Sorting\data\roboflow_dataset\5\dslr__DSC_0083.jpg,True,539,525,264349.5
366,5,dslr,C:\Users\MithunvelKL\PycharmProjects\Tile_Sorting\data\9x9-5(Cam)\DSC_0084.JPG,C:\Users\MithunvelKL\PycharmProjects\Tile_Sorting\data\roboflow_dataset\5\dslr__DSC_0084.jpg,True,557,535,282099.0
367,5,dslr,C:\Users\MithunvelKL\PycharmProjects\Tile_Sorting\data\9x9-5(Cam)\DSC_0085.JPG,C:\Users\MithunvelKL\PycharmProjects\Tile_Sorting\data\roboflow_dataset\5\dslr__DSC_0085.jpg,True,584,551,298649.0
368,5,dslr,C:\Users\MithunvelKL\PycharmProjects\Tile_Sorting\data\9x9-5(Cam)\DSC_0086.JPG,C:\Users\MithunvelKL\PycharmProjects\Tile_Sorting\data\roboflow_dataset\5\dslr__DSC_0086.jpg,True,513,509,245146.0
369,5,dslr,C:\Users\MithunvelKL\PycharmProjects\Tile_Sorting\data\9x9-5(Cam)\DSC_0087.JPG,C:\Users\MithunvelKL\PycharmProjects\Tile_Sorting\data\roboflow_dataset\5\dslr__DSC_0087.jpg,True,514,516,256642.0
370,5,dslr,C:\Users\MithunvelKL\PycharmProjects\Tile_Sorting\data\9x9-5(Cam)\DSC_0088.JPG,C:\Users\MithunvelKL\PycharmProjects\Tile_Sorting\data\roboflow_dataset\5\dslr__DSC_0088.jpg,True,510,514,247560.0
371,5,dslr,C:\Users\MithunvelKL\PycharmProjects\Tile_Sorting\data\9x9-5(Cam)\DSC_0089.JPG,C:\Users\MithunvelKL\PycharmProjects\Tile_Sorting\data\roboflow_dataset\5\dslr__DSC_0089.jpg,True,526,530,263490.5
372,5,dslr,C:\Users\MithunvelKL\PycharmProjects\Tile_Sorting\data\9x9-5(Cam)\DSC_0090.JPG,C:\Users\MithunvelKL\PycharmProjects\Tile_Sorting\data\roboflow_dataset\5\dslr__DSC_0090.jpg,True,482,485,221356.5
373,5,dslr,C:\Users\MithunvelKL\PycharmProjects\Tile_Sorting\data\9x9-5(Cam)\DSC_0091.JPG,C:\Users\MithunvelKL\PycharmProjects\Tile_Sorting\data\roboflow_dataset\5\dslr__DSC_0091.jpg,True,515,503,247022.5
374,5,dslr,C:\Users\MithunvelKL\PycharmProjects\Tile_Sorting\data\9x9-5(Cam)\DSC_0092.JPG,C:\Users\MithunvelKL\PycharmProjects\Tile_Sorting\data\roboflow_dataset\5\dslr__DSC_0092.jpg,True,411,400,153921.0
375,5,dslr,C:\Users\MithunvelKL\PycharmProjects\Tile_Sorting\data\9x9-5(Cam)\DSC_0093.JPG,C:\Users\MithunvelKL\PycharmProjects\Tile_Sorting\data\roboflow_dataset\5\dslr__DSC_0093.jpg,True,420,410,164511.0
376,5,dslr,C:\Users\MithunvelKL\PycharmProjects\Tile_Sorting\data\9x9-5(Cam)\DSC_0094.JPG,C:\Users\MithunvelKL\PycharmProjects\Tile_Sorting\data\roboflow_dataset\5\dslr__DSC_0094.jpg,True,441,430,177540.0
377,5,dslr,C:\Users\MithunvelKL\PycharmProjects\Tile_Sorting\data\9x9-5(Cam)\DSC_0095.JPG,C:\Users\MithunvelKL\PycharmProjects\Tile_Sorting\data\roboflow_dataset\5\dslr__DSC_0095.jpg,True,424,417,167759.0
378,5,dslr,C:\Users\MithunvelKL\PycharmProjects\Tile_Sorting\data\9x9-5(Cam)\DSC_0096.JPG,C:\Users\MithunvelKL\PycharmProjects\Tile_Sorting\data\roboflow_dataset\5\dslr__DSC_0096.jpg,True,403,396,151932.5
